record_id,date,season,year,month,is_holiday,day_of_week,is_working_day,weathersit,temperature,feels_temperature,humidity,wind_speed,casual_users_count,registered_users_count,total_rentals,temp_category
1,2011-01-01,Spring,0,1,0,6,0,Mist,0.344167,18.18125,0.805833,0.160446,331,654,985,10-20
2,2011-01-02,Spring,0,1,0,0,0,Mist,0.363478,17.686950000000003,0.696087,0.248539,131,670,801,10-20
3,2011-01-03,Spring,0,1,0,1,1,Clear,0.196364,9.47025,0.437273,0.248309,120,1229,1349,0-10
4,2011-01-04,Spring,0,1,0,2,1,Clear,0.2,10.6061,0.590435,0.160296,108,1454,1562,10-20
5,2011-01-05,Spring,0,1,0,3,1,Clear,0.226957,11.4635,0.436957,0.1869,82,1518,1600,10-20
6,2011-01-06,Spring,0,1,0,4,1,Clear,0.204348,11.66045,0.518261,0.0895652,88,1518,1606,10-20
7,2011-01-07,Spring,0,1,0,5,1,Mist,0.196522,10.441949999999999,0.498696,0.168726,148,1362,1510,10-20
8,2011-01-08,Spring,0,1,0,6,0,Mist,0.165,8.1127,0.535833,0.266804,68,891,959,0-10
9,2011-01-09,Spring,0,1,0,0,0,Clear,0.138333,5.80875,0.434167,0.36195,54,768,822,0-10
10,2011-01-10,Spring,0,1,0,1,1,Clear,0.150833,7.544400000000001,0.482917,0.223267,41,1280,1321,0-10
11,2011-01-11,Spring,0,1,0,2,1,Mist,0.169091,9.5732,0.686364,0.122132,43,1220,1263,0-10
12,2011-01-12,Spring,0,1,0,3,1,Clear,0.172727,8.02365,0.599545,0.304627,25,1137,1162,0-10
13,2011-01-13,Spring,0,1,0,4,1,Clear,0.165,7.544149999999999,0.470417,0.301,38,1368,1406,0-10
14,2011-01-14,Spring,0,1,0,5,1,Clear,0.16087,9.42065,0.537826,0.126548,54,1367,1421,0-10
15,2011-01-15,Spring,0,1,0,6,0,Mist,0.233333,12.4056,0.49875,0.157963,222,1026,1248,10-20
16,2011-01-16,Spring,0,1,0,0,0,Clear,0.231667,11.71085,0.48375,0.188433,251,953,1204,10-20
17,2011-01-17,Spring,0,1,1,1,0,Mist,0.175833,8.838550000000001,0.5375,0.194017,117,883,1000,0-10
18,2011-01-18,Spring,0,1,0,2,1,Mist,0.216667,11.61665,0.861667,0.146775,9,674,683,10-20
19,2011-01-19,Spring,0,1,0,3,1,Mist,0.292174,14.9211,0.741739,0.208317,78,1572,1650,10-20
20,2011-01-20,Spring,0,1,0,4,1,Mist,0.261667,12.7525,0.538333,0.195904,83,1844,1927,10-20
21,2011-01-21,Spring,0,1,0,5,1,Clear,0.1775,7.891650000000001,0.457083,0.353242,75,1468,1543,0-10
22,2011-01-22,Spring,0,1,0,6,0,Clear,0.0591304,3.9534800000000003,0.4,0.17197,93,888,981,0-10
23,2011-01-23,Spring,0,1,0,0,0,Clear,0.0965217,4.941955,0.436522,0.2466,150,836,986,0-10
24,2011-01-24,Spring,0,1,0,1,1,Clear,0.0973913,5.8965,0.491739,0.15833,86,1330,1416,0-10
25,2011-01-25,Spring,0,1,0,2,1,Mist,0.223478,11.726300000000002,0.616957,0.129796,186,1799,1985,10-20
26,2011-01-26,Spring,0,1,0,3,1,Light Snow,0.2175,10.18,0.8625,0.29385,34,472,506,10-20
27,2011-01-27,Spring,0,1,0,4,1,Clear,0.195,10.985,0.6875,0.113837,15,416,431,10-20
28,2011-01-28,Spring,0,1,0,5,1,Mist,0.203478,11.165849999999999,0.793043,0.1233,38,1129,1167,10-20
29,2011-01-29,Spring,0,1,0,6,0,Clear,0.196522,10.606300000000001,0.651739,0.145365,123,975,1098,10-20
30,2011-01-30,Spring,0,1,0,0,0,Clear,0.216522,12.5161,0.722174,0.0739826,140,956,1096,10-20
31,2011-01-31,Spring,0,1,0,1,1,Mist,0.180833,9.3125,0.60375,0.187192,42,1459,1501,0-10
32,2011-02-01,Spring,0,2,0,2,1,Mist,0.192174,11.726499999999998,0.829565,0.053213,47,1313,1360,10-20
33,2011-02-02,Spring,0,2,0,3,1,Mist,0.26,12.72085,0.775417,0.264308,72,1454,1526,10-20
34,2011-02-03,Spring,0,2,0,4,1,Clear,0.186957,8.8939,0.437826,0.277752,61,1489,1550,0-10
35,2011-02-04,Spring,0,2,0,5,1,Mist,0.211304,11.429350000000001,0.585217,0.127839,88,1620,1708,10-20
36,2011-02-05,Spring,0,2,0,6,0,Mist,0.233333,12.152899999999999,0.929167,0.161079,100,905,1005,10-20
37,2011-02-06,Spring,0,2,0,0,0,Clear,0.285833,14.58355,0.568333,0.1418,354,1269,1623,10-20
38,2011-02-07,Spring,0,2,0,1,1,Clear,0.271667,15.1829,0.738333,0.0454083,120,1592,1712,10-20
39,2011-02-08,Spring,0,2,0,2,1,Clear,0.220833,9.9123,0.537917,0.36195,64,1466,1530,0-10
40,2011-02-09,Spring,0,2,0,3,1,Mist,0.134783,7.21415,0.494783,0.188839,53,1552,1605,0-10
41,2011-02-10,Spring,0,2,0,4,1,Clear,0.144348,7.477399999999999,0.437391,0.221935,47,1491,1538,0-10
42,2011-02-11,Spring,0,2,0,5,1,Clear,0.189091,10.675450000000001,0.506364,0.10855,149,1597,1746,10-20
43,2011-02-12,Spring,0,2,0,6,0,Clear,0.2225,11.6477,0.544167,0.203367,288,1184,1472,10-20
44,2011-02-13,Spring,0,2,0,0,0,Clear,0.316522,16.205649999999995,0.457391,0.260883,397,1192,1589,10-20
45,2011-02-14,Spring,0,2,0,1,1,Clear,0.415,19.9175,0.375833,0.417908,208,1705,1913,10-20
46,2011-02-15,Spring,0,2,0,2,1,Clear,0.266087,12.7137,0.314348,0.291374,140,1675,1815,10-20
47,2011-02-16,Spring,0,2,0,3,1,Clear,0.318261,15.809999999999997,0.423478,0.251791,218,1897,2115,10-20
48,2011-02-17,Spring,0,2,0,4,1,Clear,0.435833,21.4329,0.505,0.230104,259,2216,2475,20-30
49,2011-02-18,Spring,0,2,0,5,1,Clear,0.521667,25.599149999999998,0.516667,0.264925,579,2348,2927,20-30
50,2011-02-19,Spring,0,2,0,6,0,Clear,0.399167,19.5702,0.187917,0.507463,532,1103,1635,10-20
51,2011-02-20,Spring,0,2,0,0,0,Clear,0.285217,13.8665,0.407826,0.223235,639,1173,1812,10-20
52,2011-02-21,Spring,0,2,1,1,0,Mist,0.303333,14.203750000000003,0.605,0.307846,195,912,1107,10-20
53,2011-02-22,Spring,0,2,0,2,1,Clear,0.182222,9.301650000000002,0.577778,0.195683,74,1376,1450,0-10
54,2011-02-23,Spring,0,2,0,3,1,Clear,0.221739,12.28585,0.423043,0.094113,139,1778,1917,10-20
55,2011-02-24,Spring,0,2,0,4,1,Mist,0.295652,14.459549999999998,0.697391,0.250496,100,1707,1807,10-20
56,2011-02-25,Spring,0,2,0,5,1,Mist,0.364348,17.52305,0.712174,0.346539,120,1341,1461,10-20
57,2011-02-26,Spring,0,2,0,6,0,Clear,0.2825,14.1096,0.537917,0.186571,424,1545,1969,10-20
58,2011-02-27,Spring,0,2,0,0,0,Clear,0.343478,17.55545,0.68,0.125248,694,1708,2402,10-20
59,2011-02-28,Spring,0,2,0,1,1,Mist,0.407273,20.005899999999997,0.876364,0.289686,81,1365,1446,20-30
60,2011-03-01,Spring,0,3,0,2,1,Clear,0.266667,13.19395,0.535,0.216425,137,1714,1851,10-20
61,2011-03-02,Spring,0,3,0,3,1,Clear,0.335,16.00355,0.449583,0.307833,231,1903,2134,10-20
62,2011-03-03,Spring,0,3,0,4,1,Clear,0.198333,10.006650000000002,0.318333,0.225754,123,1562,1685,10-20
63,2011-03-04,Spring,0,3,0,5,1,Mist,0.261667,12.783949999999999,0.610417,0.203346,214,1730,1944,10-20
64,2011-03-05,Spring,0,3,0,6,0,Mist,0.384167,18.93895,0.789167,0.251871,640,1437,2077,10-20
65,2011-03-06,Spring,0,3,0,0,0,Mist,0.376522,18.3126,0.948261,0.343287,114,491,605,10-20
66,2011-03-07,Spring,0,3,0,1,1,Clear,0.261739,11.92305,0.551304,0.341352,244,1628,1872,10-20
67,2011-03-08,Spring,0,3,0,2,1,Clear,0.2925,15.120000000000001,0.420833,0.12065,316,1817,2133,10-20
68,2011-03-09,Spring,0,3,0,3,1,Mist,0.295833,14.3304,0.775417,0.22015,191,1700,1891,10-20
69,2011-03-10,Spring,0,3,0,4,1,Light Snow,0.389091,19.2834,0.0,0.261877,46,577,623,10-20
70,2011-03-11,Spring,0,3,0,5,1,Mist,0.316522,15.25,0.649565,0.23297,247,1730,1977,10-20
71,2011-03-12,Spring,0,3,0,6,0,Clear,0.329167,16.287499999999998,0.594583,0.220775,724,1408,2132,10-20
72,2011-03-13,Spring,0,3,0,0,0,Clear,0.384348,19.004550000000005,0.527391,0.270604,982,1435,2417,10-20
73,2011-03-14,Spring,0,3,0,1,1,Clear,0.325217,16.6,0.496957,0.136926,359,1687,2046,10-20
74,2011-03-15,Spring,0,3,0,2,1,Mist,0.317391,15.908900000000001,0.655652,0.184309,289,1767,2056,10-20
75,2011-03-16,Spring,0,3,0,3,1,Mist,0.365217,18.346500000000002,0.776522,0.203117,321,1871,2192,10-20
76,2011-03-17,Spring,0,3,0,4,1,Clear,0.415,20.51665,0.602917,0.209579,424,2320,2744,20-30
77,2011-03-18,Spring,0,3,0,5,1,Clear,0.54,26.350450000000002,0.525217,0.231017,884,2355,3239,20-30
78,2011-03-19,Spring,0,3,0,6,0,Clear,0.4725,23.32625,0.379167,0.368167,1424,1693,3117,20-30
79,2011-03-20,Spring,0,3,0,0,0,Clear,0.3325,16.287499999999998,0.47375,0.207721,1047,1424,2471,10-20
80,2011-03-21,Summer,0,3,0,1,1,Mist,0.430435,20.48675,0.737391,0.288783,401,1676,2077,20-30
81,2011-03-22,Summer,0,3,0,2,1,Clear,0.441667,22.0321,0.624583,0.22575,460,2243,2703,20-30
82,2011-03-23,Summer,0,3,0,3,1,Mist,0.346957,16.89695,0.839565,0.234261,203,1918,2121,10-20
83,2011-03-24,Summer,0,3,0,4,1,Mist,0.285,13.541649999999999,0.805833,0.243787,166,1699,1865,10-20
84,2011-03-25,Summer,0,3,0,5,1,Clear,0.264167,12.8156,0.495,0.230725,300,1910,2210,10-20
85,2011-03-26,Summer,0,3,0,6,0,Clear,0.265833,12.87855,0.394167,0.209571,981,1515,2496,10-20
86,2011-03-27,Summer,0,3,0,0,0,Mist,0.253043,12.51695,0.493913,0.1843,472,1221,1693,10-20
87,2011-03-28,Summer,0,3,0,1,1,Clear,0.264348,12.878700000000002,0.302174,0.212204,222,1806,2028,10-20
88,2011-03-29,Summer,0,3,0,2,1,Clear,0.3025,14.6454,0.314167,0.226996,317,2108,2425,10-20
89,2011-03-30,Summer,0,3,0,3,1,Mist,0.3,14.8675,0.646667,0.172888,168,1368,1536,10-20
90,2011-03-31,Summer,0,3,0,4,1,Light Snow,0.268333,12.87875,0.918333,0.217646,179,1506,1685,10-20
91,2011-04-01,Summer,0,4,0,5,1,Mist,0.3,14.172699999999999,0.68625,0.258708,307,1920,2227,10-20
92,2011-04-02,Summer,0,4,0,6,0,Mist,0.315,15.781849999999997,0.65375,0.197146,898,1354,2252,10-20
93,2011-04-03,Summer,0,4,0,0,0,Clear,0.378333,18.93835,0.48,0.182213,1651,1598,3249,10-20
94,2011-04-04,Summer,0,4,0,1,1,Clear,0.573333,27.14645,0.42625,0.385571,734,2381,3115,20-30
95,2011-04-05,Summer,0,4,0,2,1,Mist,0.414167,19.9175,0.642083,0.388067,167,1628,1795,10-20
96,2011-04-06,Summer,0,4,0,3,1,Clear,0.390833,19.3804,0.470833,0.263063,413,2395,2808,10-20
97,2011-04-07,Summer,0,4,0,4,1,Clear,0.4375,21.684800000000006,0.602917,0.162312,571,2570,3141,20-30
98,2011-04-08,Summer,0,4,0,5,1,Mist,0.335833,16.223950000000002,0.83625,0.226992,172,1299,1471,10-20
99,2011-04-09,Summer,0,4,0,6,0,Mist,0.3425,17.07645,0.8775,0.133083,879,1576,2455,10-20
100,2011-04-10,Summer,0,4,0,0,0,Mist,0.426667,21.33685,0.8575,0.146767,1188,1707,2895,20-30
101,2011-04-11,Summer,0,4,0,1,1,Mist,0.595652,28.260849999999994,0.716956,0.324474,855,2493,3348,20-30
102,2011-04-12,Summer,0,4,0,2,1,Mist,0.5025,24.6527,0.739167,0.274879,257,1777,2034,20-30
103,2011-04-13,Summer,0,4,0,3,1,Mist,0.4125,20.864150000000006,0.819167,0.250617,209,1953,2162,20-30
104,2011-04-14,Summer,0,4,0,4,1,Clear,0.4675,23.1371,0.540417,0.1107,529,2738,3267,20-30
105,2011-04-15,Summer,0,4,1,5,0,Clear,0.446667,22.09565,0.67125,0.226375,642,2484,3126,20-30
106,2011-04-16,Summer,0,4,0,6,0,Light Snow,0.430833,21.2746,0.888333,0.340808,121,674,795,20-30
107,2011-04-17,Summer,0,4,0,0,0,Clear,0.456667,22.2848,0.479583,0.303496,1558,2186,3744,20-30
108,2011-04-18,Summer,0,4,0,1,1,Clear,0.5125,25.1573,0.5425,0.163567,669,2760,3429,20-30
109,2011-04-19,Summer,0,4,0,2,1,Mist,0.505833,24.4629,0.665833,0.157971,409,2795,3204,20-30
110,2011-04-20,Summer,0,4,0,3,1,Clear,0.595,28.2196,0.614167,0.241925,613,3331,3944,20-30
111,2011-04-21,Summer,0,4,0,4,1,Clear,0.459167,22.6946,0.407083,0.325258,745,3444,4189,20-30
112,2011-04-22,Summer,0,4,0,5,1,Mist,0.336667,16.0977,0.729583,0.219521,177,1506,1683,10-20
113,2011-04-23,Summer,0,4,0,6,0,Mist,0.46,22.506050000000002,0.887917,0.230725,1462,2574,4036,20-30
114,2011-04-24,Summer,0,4,0,0,0,Mist,0.581667,27.58815,0.810833,0.192175,1710,2481,4191,20-30
115,2011-04-25,Summer,0,4,0,1,1,Clear,0.606667,28.725,0.776667,0.185333,773,3300,4073,20-30
116,2011-04-26,Summer,0,4,0,2,1,Clear,0.631667,29.704150000000006,0.729167,0.3265,678,3722,4400,20-30
117,2011-04-27,Summer,0,4,0,3,1,Mist,0.62,28.7571,0.835417,0.3122,547,3325,3872,20-30
118,2011-04-28,Summer,0,4,0,4,1,Mist,0.6175,28.946450000000006,0.700833,0.320908,569,3489,4058,20-30
119,2011-04-29,Summer,0,4,0,5,1,Clear,0.51,24.87315,0.457083,0.240063,878,3717,4595,20-30
120,2011-04-30,Summer,0,4,0,6,0,Clear,0.4725,23.20105,0.503333,0.235075,1965,3347,5312,20-30
121,2011-05-01,Summer,0,5,0,0,0,Mist,0.451667,22.4102,0.762083,0.106354,1138,2213,3351,20-30
122,2011-05-02,Summer,0,5,0,1,1,Mist,0.549167,26.64165,0.73,0.183454,847,3554,4401,20-30
123,2011-05-03,Summer,0,5,0,2,1,Mist,0.616667,29.10395,0.697083,0.342667,603,3848,4451,20-30
124,2011-05-04,Summer,0,5,0,3,1,Mist,0.414167,20.2325,0.737083,0.328996,255,2378,2633,20-30
125,2011-05-05,Summer,0,5,0,4,1,Clear,0.459167,22.09585,0.444167,0.295392,614,3819,4433,20-30
126,2011-05-06,Summer,0,5,0,5,1,Clear,0.479167,23.70585,0.59,0.228246,894,3714,4608,20-30
127,2011-05-07,Summer,0,5,0,6,0,Clear,0.52,25.63105,0.54125,0.16045,1612,3102,4714,20-30
128,2011-05-08,Summer,0,5,0,0,0,Clear,0.528333,25.946649999999998,0.631667,0.0746375,1401,2932,4333,20-30
129,2011-05-09,Summer,0,5,0,1,1,Clear,0.5325,26.2623,0.58875,0.176,664,3698,4362,20-30
130,2011-05-10,Summer,0,5,0,2,1,Clear,0.5325,26.13605,0.489167,0.115671,694,4109,4803,20-30
131,2011-05-11,Summer,0,5,0,3,1,Clear,0.5425,26.419999999999998,0.632917,0.120642,550,3632,4182,20-30
132,2011-05-12,Summer,0,5,0,4,1,Clear,0.535,26.16815,0.7475,0.189667,695,4169,4864,20-30
133,2011-05-13,Summer,0,5,0,5,1,Mist,0.5125,24.715,0.863333,0.179725,692,3413,4105,20-30
134,2011-05-14,Summer,0,5,0,6,0,Mist,0.520833,25.03145,0.9225,0.13495,902,2507,3409,20-30
135,2011-05-15,Summer,0,5,0,0,0,Mist,0.5625,26.8,0.867083,0.152979,1582,2971,4553,20-30
136,2011-05-16,Summer,0,5,0,1,1,Clear,0.5775,27.5256,0.787917,0.126871,773,3185,3958,20-30
137,2011-05-17,Summer,0,5,0,2,1,Mist,0.561667,26.926450000000003,0.837917,0.277354,678,3445,4123,20-30
138,2011-05-18,Summer,0,5,0,3,1,Mist,0.55,26.3579,0.87,0.201492,536,3319,3855,20-30
139,2011-05-19,Summer,0,5,0,4,1,Mist,0.530833,25.537100000000002,0.829583,0.108213,735,3840,4575,20-30
140,2011-05-20,Summer,0,5,0,5,1,Clear,0.536667,26.4521,0.719583,0.125013,909,4008,4917,20-30
141,2011-05-21,Summer,0,5,0,6,0,Clear,0.6025,28.59875,0.626667,0.12065,2258,3547,5805,20-30
142,2011-05-22,Summer,0,5,0,0,0,Clear,0.604167,28.725,0.749583,0.148008,1576,3084,4660,20-30
143,2011-05-23,Summer,0,5,0,1,1,Mist,0.631667,29.5148,0.81,0.233842,836,3438,4274,20-30
144,2011-05-24,Summer,0,5,0,2,1,Mist,0.66,30.240650000000002,0.740833,0.207092,659,3833,4492,30-40
145,2011-05-25,Summer,0,5,0,3,1,Clear,0.660833,30.7771,0.69625,0.154233,740,4238,4978,30-40
146,2011-05-26,Summer,0,5,0,4,1,Clear,0.708333,32.7344,0.6775,0.199642,758,3919,4677,30-40
147,2011-05-27,Summer,0,5,0,5,1,Clear,0.681667,31.8504,0.65375,0.240679,871,3808,4679,30-40
148,2011-05-28,Summer,0,5,0,6,0,Clear,0.655833,30.61895,0.729583,0.230092,2001,2757,4758,30-40
149,2011-05-29,Summer,0,5,0,0,0,Clear,0.6675,30.777500000000003,0.81875,0.213938,2355,2433,4788,30-40
150,2011-05-30,Summer,0,5,1,1,0,Clear,0.733333,33.5546,0.685,0.131225,1549,2549,4098,30-40
151,2011-05-31,Summer,0,5,0,2,1,Clear,0.775,36.26915,0.636667,0.111329,673,3309,3982,30-40
152,2011-06-01,Summer,0,6,0,3,1,Mist,0.764167,36.04835,0.677083,0.207092,513,3461,3974,30-40
153,2011-06-02,Summer,0,6,0,4,1,Clear,0.715,32.1971,0.305,0.292287,736,4232,4968,30-40
154,2011-06-03,Summer,0,6,0,5,1,Clear,0.62,29.356650000000002,0.354167,0.253121,898,4414,5312,20-30
155,2011-06-04,Summer,0,6,0,6,0,Clear,0.635,29.7348,0.45625,0.123142,1869,3473,5342,20-30
156,2011-06-05,Summer,0,6,0,0,0,Mist,0.648333,30.8402,0.6525,0.138692,1685,3221,4906,30-40
157,2011-06-06,Summer,0,6,0,1,1,Clear,0.678333,31.0929,0.6,0.121896,673,3875,4548,30-40
158,2011-06-07,Summer,0,6,0,2,1,Clear,0.7075,32.7975,0.597917,0.187808,763,4070,4833,30-40
159,2011-06-08,Summer,0,6,0,3,1,Clear,0.775833,36.36395,0.622083,0.136817,676,3725,4401,30-40
160,2011-06-09,Summer,0,6,0,4,1,Mist,0.808333,37.87895,0.568333,0.149883,563,3352,3915,30-40
161,2011-06-10,Summer,0,6,0,5,1,Clear,0.755,35.1646,0.605,0.140554,815,3771,4586,30-40
162,2011-06-11,Summer,0,6,0,6,0,Clear,0.725,33.901900000000005,0.654583,0.15485,1729,3237,4966,30-40
163,2011-06-12,Summer,0,6,0,0,0,Clear,0.6925,32.166250000000005,0.747917,0.163567,1467,2993,4460,30-40
164,2011-06-13,Summer,0,6,0,1,1,Clear,0.635,30.082700000000003,0.494583,0.30535,863,4157,5020,30-40
165,2011-06-14,Summer,0,6,0,2,1,Clear,0.604167,29.5773,0.507083,0.269283,727,4164,4891,20-30
166,2011-06-15,Summer,0,6,0,3,1,Clear,0.626667,29.3877,0.471667,0.167912,769,4411,5180,20-30
167,2011-06-16,Summer,0,6,0,4,1,Mist,0.628333,29.767299999999995,0.688333,0.206471,545,3222,3767,20-30
168,2011-06-17,Summer,0,6,0,5,1,Clear,0.649167,30.01915,0.735833,0.143029,863,3981,4844,30-40
169,2011-06-18,Summer,0,6,0,6,0,Clear,0.696667,32.197700000000005,0.670417,0.119408,1807,3312,5119,30-40
170,2011-06-19,Summer,0,6,0,0,0,Mist,0.699167,32.292300000000004,0.666667,0.102,1639,3105,4744,30-40
171,2011-06-20,Summer,0,6,0,1,1,Mist,0.635,29.767299999999995,0.74625,0.155475,699,3311,4010,20-30
172,2011-06-21,Fall,0,6,0,2,1,Mist,0.680833,31.8823,0.770417,0.171025,774,4061,4835,30-40
173,2011-06-22,Fall,0,6,0,3,1,Clear,0.733333,34.69145,0.7075,0.172262,661,3846,4507,30-40
174,2011-06-23,Fall,0,6,0,4,1,Mist,0.728333,34.69165,0.703333,0.238804,746,4044,4790,30-40
175,2011-06-24,Fall,0,6,0,5,1,Clear,0.724167,32.82915,0.573333,0.222025,969,4022,4991,30-40
176,2011-06-25,Fall,0,6,0,6,0,Clear,0.695,32.16565,0.483333,0.209571,1782,3420,5202,30-40
177,2011-06-26,Fall,0,6,0,0,0,Clear,0.68,31.88145,0.513333,0.0945333,1920,3385,5305,30-40
178,2011-06-27,Fall,0,6,0,1,1,Mist,0.6825,31.8502,0.658333,0.107588,854,3854,4708,30-40
179,2011-06-28,Fall,0,6,0,2,1,Clear,0.744167,34.6279,0.634167,0.144283,732,3916,4648,30-40
180,2011-06-29,Fall,0,6,0,3,1,Clear,0.728333,32.7344,0.497917,0.261821,848,4377,5225,30-40
181,2011-06-30,Fall,0,6,0,4,1,Clear,0.696667,31.8504,0.434167,0.185312,1027,4488,5515,30-40
182,2011-07-01,Fall,0,7,0,5,1,Clear,0.7225,32.6081,0.39625,0.102608,1246,4116,5362,30-40
183,2011-07-02,Fall,0,7,0,6,0,Clear,0.738333,33.3654,0.444583,0.115062,2204,2915,5119,30-40
184,2011-07-03,Fall,0,7,0,0,0,Mist,0.716667,33.42875,0.6825,0.228858,2282,2367,4649,30-40
185,2011-07-04,Fall,0,7,1,1,0,Mist,0.726667,33.27085,0.637917,0.0814792,3065,2978,6043,30-40
186,2011-07-05,Fall,0,7,0,2,1,Clear,0.746667,34.816900000000004,0.590417,0.126258,1031,3634,4665,30-40
187,2011-07-06,Fall,0,7,0,3,1,Clear,0.72,34.28165,0.743333,0.149883,784,3845,4629,30-40
188,2011-07-07,Fall,0,7,0,4,1,Clear,0.75,34.34355,0.65125,0.1592,754,3838,4592,30-40
189,2011-07-08,Fall,0,7,0,5,1,Mist,0.709167,33.524150000000006,0.757917,0.225129,692,3348,4040,30-40
190,2011-07-09,Fall,0,7,0,6,0,Clear,0.733333,33.2079,0.609167,0.167912,1988,3348,5336,30-40
191,2011-07-10,Fall,0,7,0,0,0,Clear,0.7475,34.50125,0.578333,0.183471,1743,3138,4881,30-40
192,2011-07-11,Fall,0,7,0,1,1,Clear,0.7625,36.4902,0.635833,0.282337,723,3363,4086,30-40
193,2011-07-12,Fall,0,7,0,2,1,Clear,0.794167,36.96375,0.559167,0.200254,662,3596,4258,30-40
194,2011-07-13,Fall,0,7,0,3,1,Clear,0.746667,34.4702,0.631667,0.146133,748,3594,4342,30-40
195,2011-07-14,Fall,0,7,0,4,1,Clear,0.680833,31.7552,0.47625,0.240667,888,4196,5084,30-40
196,2011-07-15,Fall,0,7,0,5,1,Clear,0.663333,31.21855,0.59125,0.182833,1318,4220,5538,30-40
197,2011-07-16,Fall,0,7,0,6,0,Clear,0.686667,31.91315,0.585,0.208342,2418,3505,5923,30-40
198,2011-07-17,Fall,0,7,0,0,0,Clear,0.719167,33.49165,0.604167,0.245033,2006,3296,5302,30-40
199,2011-07-18,Fall,0,7,0,1,1,Clear,0.746667,35.19625,0.65125,0.215804,841,3617,4458,30-40
200,2011-07-19,Fall,0,7,0,2,1,Clear,0.776667,37.37395,0.650417,0.1306,752,3789,4541,30-40
201,2011-07-20,Fall,0,7,0,3,1,Clear,0.768333,37.3425,0.707083,0.113817,644,3688,4332,30-40
202,2011-07-21,Fall,0,7,0,4,1,Mist,0.815,41.31855,0.69125,0.222021,632,3152,3784,40-50
203,2011-07-22,Fall,0,7,0,5,1,Clear,0.848333,42.0448,0.580417,0.1331,562,2825,3387,40-50
204,2011-07-23,Fall,0,7,0,6,0,Clear,0.849167,40.214349999999996,0.5,0.131221,987,2298,3285,40-50
205,2011-07-24,Fall,0,7,0,0,0,Clear,0.83,39.74145,0.550833,0.169171,1050,2556,3606,30-40
206,2011-07-25,Fall,0,7,0,1,1,Clear,0.743333,36.0479,0.757083,0.0908083,568,3272,3840,30-40
207,2011-07-26,Fall,0,7,0,2,1,Clear,0.771667,34.84895,0.540833,0.200258,750,3840,4590,30-40
208,2011-07-27,Fall,0,7,0,3,1,Clear,0.775,34.53335,0.402917,0.183463,755,3901,4656,30-40
209,2011-07-28,Fall,0,7,0,4,1,Clear,0.779167,36.995,0.583333,0.178479,606,3784,4390,30-40
210,2011-07-29,Fall,0,7,0,5,1,Clear,0.838333,39.29835,0.5425,0.174138,670,3176,3846,30-40
211,2011-07-30,Fall,0,7,0,6,0,Clear,0.804167,36.42685,0.465833,0.168537,1559,2916,4475,30-40
212,2011-07-31,Fall,0,7,0,0,0,Clear,0.805833,36.4898,0.480833,0.164813,1524,2778,4302,30-40
213,2011-08-01,Fall,0,8,0,1,1,Clear,0.771667,35.1646,0.550833,0.156717,729,3537,4266,30-40
214,2011-08-02,Fall,0,8,0,2,1,Clear,0.783333,35.35355,0.49125,0.20585,801,4044,4845,30-40
215,2011-08-03,Fall,0,8,0,3,1,Mist,0.731667,33.99685,0.6575,0.135583,467,3107,3574,30-40
216,2011-08-04,Fall,0,8,0,4,1,Mist,0.71,33.2394,0.7575,0.19715,799,3777,4576,30-40
217,2011-08-05,Fall,0,8,0,5,1,Clear,0.710833,32.82835,0.630833,0.184696,1023,3843,4866,30-40
218,2011-08-06,Fall,0,8,0,6,0,Mist,0.716667,33.807700000000004,0.755,0.22825,1521,2773,4294,30-40
219,2011-08-07,Fall,0,8,0,0,0,Clear,0.7425,35.7646,0.752917,0.201487,1298,2487,3785,30-40
220,2011-08-08,Fall,0,8,0,1,1,Clear,0.765,35.16415,0.592083,0.192175,846,3480,4326,30-40
221,2011-08-09,Fall,0,8,0,2,1,Clear,0.775,36.20605,0.570417,0.151121,907,3695,4602,30-40
222,2011-08-10,Fall,0,8,0,3,1,Clear,0.766667,34.24915,0.424167,0.200258,884,3896,4780,30-40
223,2011-08-11,Fall,0,8,0,4,1,Clear,0.7175,32.57605,0.42375,0.164796,812,3980,4792,30-40
224,2011-08-12,Fall,0,8,0,5,1,Clear,0.708333,32.7021,0.415,0.125621,1051,3854,4905,30-40
225,2011-08-13,Fall,0,8,0,6,0,Mist,0.685833,32.2929,0.729583,0.211454,1504,2646,4150,30-40
226,2011-08-14,Fall,0,8,0,0,0,Mist,0.676667,31.219400000000004,0.8175,0.222633,1338,2482,3820,30-40
227,2011-08-15,Fall,0,8,0,1,1,Clear,0.665833,30.80835,0.712083,0.208954,775,3563,4338,30-40
228,2011-08-16,Fall,0,8,0,2,1,Clear,0.700833,32.29185,0.578333,0.236329,721,4004,4725,30-40
229,2011-08-17,Fall,0,8,0,3,1,Clear,0.723333,33.33355,0.575417,0.143667,668,4026,4694,30-40
230,2011-08-18,Fall,0,8,0,4,1,Clear,0.711667,33.1129,0.654583,0.233208,639,3166,3805,30-40
231,2011-08-19,Fall,0,8,0,5,1,Mist,0.685,31.661050000000003,0.722917,0.139308,797,3356,4153,30-40
232,2011-08-20,Fall,0,8,0,6,0,Clear,0.6975,32.4498,0.674167,0.104467,1914,3277,5191,30-40
233,2011-08-21,Fall,0,8,0,0,0,Clear,0.710833,33.776250000000005,0.77,0.248754,1249,2624,3873,30-40
234,2011-08-22,Fall,0,8,0,1,1,Clear,0.691667,31.9127,0.47,0.27675,833,3925,4758,30-40
235,2011-08-23,Fall,0,8,0,2,1,Clear,0.640833,30.303350000000002,0.455417,0.146763,1281,4614,5895,30-40
236,2011-08-24,Fall,0,8,0,3,1,Clear,0.673333,31.5346,0.605,0.253108,949,4181,5130,30-40
237,2011-08-25,Fall,0,8,0,4,1,Mist,0.684167,32.2927,0.771667,0.210833,435,3107,3542,30-40
238,2011-08-26,Fall,0,8,0,5,1,Clear,0.7,32.98665,0.76125,0.0839625,768,3893,4661,30-40
239,2011-08-27,Fall,0,8,0,6,0,Mist,0.68,31.7778,0.85,0.375617,226,889,1115,30-40
240,2011-08-28,Fall,0,8,0,0,0,Clear,0.707059,32.397949999999994,0.561765,0.304659,1415,2919,4334,30-40
241,2011-08-29,Fall,0,8,0,1,1,Clear,0.636667,30.3979,0.554583,0.159825,729,3905,4634,30-40
242,2011-08-30,Fall,0,8,0,2,1,Clear,0.639167,29.7352,0.548333,0.125008,775,4429,5204,20-30
243,2011-08-31,Fall,0,8,0,3,1,Clear,0.656667,30.556050000000006,0.597917,0.0833333,688,4370,5058,30-40
244,2011-09-01,Fall,0,9,0,4,1,Clear,0.655,30.746050000000004,0.639167,0.141796,783,4332,5115,30-40
245,2011-09-02,Fall,0,9,0,5,1,Mist,0.643333,30.2404,0.727083,0.139929,875,3852,4727,30-40
246,2011-09-03,Fall,0,9,0,6,0,Clear,0.669167,31.66065,0.716667,0.185325,1935,2549,4484,30-40
247,2011-09-04,Fall,0,9,0,0,0,Clear,0.709167,33.27145,0.742083,0.206467,2521,2419,4940,30-40
248,2011-09-05,Fall,0,9,1,1,0,Mist,0.673333,31.282300000000006,0.790417,0.212696,1236,2115,3351,30-40
249,2011-09-06,Fall,0,9,0,2,1,Light Snow,0.54,25.759999999999998,0.886957,0.343943,204,2506,2710,20-30
250,2011-09-07,Fall,0,9,0,3,1,Light Snow,0.599167,27.21145,0.917083,0.0970208,118,1878,1996,20-30
251,2011-09-08,Fall,0,9,0,4,1,Light Snow,0.633913,27.76805,0.939565,0.192748,153,1689,1842,20-30
252,2011-09-09,Fall,0,9,0,5,1,Mist,0.65,28.9473,0.897917,0.124379,417,3127,3544,20-30
253,2011-09-10,Fall,0,9,0,6,0,Clear,0.66,30.3981,0.75375,0.153608,1750,3595,5345,30-40
254,2011-09-11,Fall,0,9,0,0,0,Clear,0.653333,30.46145,0.71375,0.115054,1633,3413,5046,30-40
255,2011-09-12,Fall,0,9,0,1,1,Clear,0.644348,30.106500000000004,0.692174,0.088913,690,4023,4713,30-40
256,2011-09-13,Fall,0,9,0,2,1,Clear,0.650833,30.1777,0.7125,0.141804,701,4062,4763,30-40
257,2011-09-14,Fall,0,9,0,3,1,Clear,0.673333,31.345,0.697083,0.1673,647,4138,4785,30-40
258,2011-09-15,Fall,0,9,0,4,1,Mist,0.5775,27.68355,0.709167,0.271146,428,3231,3659,20-30
259,2011-09-16,Fall,0,9,0,5,1,Mist,0.469167,23.07375,0.590417,0.164183,742,4018,4760,20-30
260,2011-09-17,Fall,0,9,0,6,0,Mist,0.491667,23.9256,0.718333,0.189675,1434,3077,4511,20-30
261,2011-09-18,Fall,0,9,0,0,0,Clear,0.5075,24.52685,0.695,0.178483,1353,2921,4274,20-30
262,2011-09-19,Fall,0,9,0,1,1,Mist,0.549167,26.48375,0.69,0.151742,691,3848,4539,20-30
263,2011-09-20,Fall,0,9,0,2,1,Mist,0.561667,26.610850000000006,0.88125,0.134954,438,3203,3641,20-30
264,2011-09-21,Fall,0,9,0,3,1,Mist,0.595,27.526650000000004,0.9,0.0964042,539,3813,4352,20-30
265,2011-09-22,Fall,0,9,0,4,1,Mist,0.628333,27.74815,0.902083,0.128125,555,4240,4795,20-30
266,2011-09-23,Winter,0,9,0,5,1,Mist,0.609167,26.106249999999996,0.9725,0.0783667,258,2137,2395,20-30
267,2011-09-24,Winter,0,9,0,6,0,Mist,0.606667,28.2206,0.8625,0.0783833,1776,3647,5423,20-30
268,2011-09-25,Winter,0,9,0,0,0,Mist,0.634167,28.631849999999996,0.845,0.0503792,1544,3466,5010,20-30
269,2011-09-26,Winter,0,9,0,1,1,Mist,0.649167,29.45209999999999,0.848333,0.1107,684,3946,4630,20-30
270,2011-09-27,Winter,0,9,0,2,1,Mist,0.636667,28.726249999999997,0.885417,0.118171,477,3643,4120,20-30
271,2011-09-28,Winter,0,9,0,3,1,Mist,0.635,28.757899999999996,0.84875,0.148629,480,3427,3907,20-30
272,2011-09-29,Winter,0,9,0,4,1,Clear,0.616667,28.7256,0.699167,0.172883,653,4186,4839,20-30
273,2011-09-30,Winter,0,9,0,5,1,Clear,0.564167,27.24145,0.6475,0.206475,830,4372,5202,20-30
274,2011-10-01,Winter,0,10,0,6,0,Mist,0.41,20.643150000000002,0.75375,0.292296,480,1949,2429,20-30
275,2011-10-02,Winter,0,10,0,0,0,Mist,0.356667,17.26585,0.791667,0.222013,616,2302,2918,10-20
276,2011-10-03,Winter,0,10,0,1,1,Mist,0.384167,19.6023,0.760833,0.0833458,330,3240,3570,10-20
277,2011-10-04,Winter,0,10,0,2,1,Clear,0.484167,23.6429,0.71,0.205854,486,3970,4456,20-30
278,2011-10-05,Winter,0,10,0,3,1,Clear,0.538333,26.3569,0.647917,0.17725,559,4267,4826,20-30
279,2011-10-06,Winter,0,10,0,4,1,Clear,0.494167,24.02125,0.620833,0.134954,639,4126,4765,20-30
280,2011-10-07,Winter,0,10,0,5,1,Clear,0.510833,25.2202,0.684167,0.0223917,949,4036,4985,20-30
281,2011-10-08,Winter,0,10,0,6,0,Clear,0.521667,25.6621,0.70125,0.0454042,2235,3174,5409,20-30
282,2011-10-09,Winter,0,10,0,0,0,Clear,0.540833,26.19915,0.7275,0.06345,2397,3114,5511,20-30
283,2011-10-10,Winter,0,10,1,1,0,Clear,0.570833,27.14625,0.73375,0.0423042,1514,3603,5117,20-30
284,2011-10-11,Winter,0,10,0,2,1,Mist,0.566667,27.3048,0.80875,0.143042,667,3896,4563,20-30
285,2011-10-12,Winter,0,10,0,3,1,Light Snow,0.543333,25.885849999999994,0.90625,0.24815,217,2199,2416,20-30
286,2011-10-13,Winter,0,10,0,4,1,Mist,0.589167,27.5902,0.896667,0.141787,290,2623,2913,20-30
287,2011-10-14,Winter,0,10,0,5,1,Mist,0.550833,26.48375,0.71625,0.223883,529,3115,3644,20-30
288,2011-10-15,Winter,0,10,0,6,0,Clear,0.506667,24.936249999999994,0.483333,0.258083,1899,3318,5217,20-30
289,2011-10-16,Winter,0,10,0,0,0,Clear,0.511667,25.1577,0.486667,0.281717,1748,3293,5041,20-30
290,2011-10-17,Winter,0,10,0,1,1,Clear,0.534167,25.53625,0.579583,0.175379,713,3857,4570,20-30
291,2011-10-18,Winter,0,10,0,2,1,Mist,0.5325,26.13605,0.701667,0.110087,637,4111,4748,20-30
292,2011-10-19,Winter,0,10,0,3,1,Light Snow,0.541739,25.6924,0.895217,0.243339,254,2170,2424,20-30
293,2011-10-20,Winter,0,10,0,4,1,Clear,0.475833,23.32625,0.63625,0.422275,471,3724,4195,20-30
294,2011-10-21,Winter,0,10,0,5,1,Clear,0.4275,21.1798,0.574167,0.221396,676,3628,4304,20-30
295,2011-10-22,Winter,0,10,0,6,0,Clear,0.4225,21.2746,0.629167,0.0926667,1499,2809,4308,20-30
296,2011-10-23,Winter,0,10,0,0,0,Clear,0.421667,21.11665,0.74125,0.0995125,1619,2762,4381,20-30
297,2011-10-24,Winter,0,10,0,1,1,Clear,0.463333,22.85335,0.772083,0.118792,699,3488,4187,20-30
298,2011-10-25,Winter,0,10,0,2,1,Clear,0.471667,23.16875,0.622917,0.166658,695,3992,4687,20-30
299,2011-10-26,Winter,0,10,0,3,1,Mist,0.484167,23.6423,0.720417,0.148642,404,3490,3894,20-30
300,2011-10-27,Winter,0,10,0,4,1,Mist,0.47,22.8523,0.812917,0.197763,240,2419,2659,20-30
301,2011-10-28,Winter,0,10,0,5,1,Mist,0.330833,15.9406,0.585833,0.229479,456,3291,3747,10-20
302,2011-10-29,Winter,0,10,0,6,0,Light Snow,0.254167,11.39565,0.8825,0.351371,57,570,627,10-20
303,2011-10-30,Winter,0,10,0,0,0,Clear,0.319167,16.06645,0.62375,0.176617,885,2446,3331,10-20
304,2011-10-31,Winter,0,10,0,1,1,Clear,0.34,17.803150000000002,0.703333,0.10635,362,3307,3669,10-20
305,2011-11-01,Winter,0,11,0,2,1,Clear,0.400833,19.854399999999995,0.68375,0.135571,410,3658,4068,10-20
306,2011-11-02,Winter,0,11,0,3,1,Clear,0.3775,19.50665,0.71875,0.0820917,370,3816,4186,10-20
307,2011-11-03,Winter,0,11,0,4,1,Clear,0.408333,20.296049999999997,0.702083,0.136817,318,3656,3974,20-30
308,2011-11-04,Winter,0,11,0,5,1,Mist,0.403333,20.1696,0.6225,0.271779,470,3576,4046,20-30
309,2011-11-05,Winter,0,11,0,6,0,Clear,0.326667,16.1927,0.519167,0.189062,1156,2770,3926,10-20
310,2011-11-06,Winter,0,11,0,0,0,Clear,0.348333,18.117900000000002,0.734583,0.0920542,952,2697,3649,10-20
311,2011-11-07,Winter,0,11,0,1,1,Clear,0.395,20.04355,0.75875,0.057225,373,3662,4035,20-30
312,2011-11-08,Winter,0,11,0,2,1,Clear,0.408333,20.6123,0.721667,0.0690375,376,3829,4205,20-30
313,2011-11-09,Winter,0,11,0,3,1,Clear,0.4,20.453950000000003,0.758333,0.0621958,305,3804,4109,20-30
314,2011-11-10,Winter,0,11,0,4,1,Mist,0.38,18.68605,0.813333,0.189067,190,2743,2933,10-20
315,2011-11-11,Winter,0,11,1,5,0,Clear,0.324167,15.34085,0.44625,0.314675,440,2928,3368,10-20
316,2011-11-12,Winter,0,11,0,6,0,Clear,0.356667,17.8971,0.552917,0.212062,1275,2792,4067,10-20
317,2011-11-13,Winter,0,11,0,0,0,Clear,0.440833,21.5275,0.458333,0.281721,1004,2713,3717,20-30
318,2011-11-14,Winter,0,11,0,1,1,Clear,0.53,26.2306,0.587083,0.306596,595,3891,4486,20-30
319,2011-11-15,Winter,0,11,0,2,1,Mist,0.53,25.37895,0.68875,0.199633,449,3746,4195,20-30
320,2011-11-16,Winter,0,11,0,3,1,Light Snow,0.456667,22.5994,0.93,0.136829,145,1672,1817,20-30
321,2011-11-17,Winter,0,11,0,4,1,Mist,0.341667,16.16105,0.575833,0.305362,139,2914,3053,10-20
322,2011-11-18,Winter,0,11,0,5,1,Clear,0.274167,13.63605,0.41,0.168533,245,3147,3392,10-20
323,2011-11-19,Winter,0,11,0,6,0,Clear,0.329167,16.22415,0.502083,0.224496,943,2720,3663,10-20
324,2011-11-20,Winter,0,11,0,0,0,Mist,0.463333,22.852899999999998,0.684583,0.18595,787,2733,3520,20-30
325,2011-11-21,Winter,0,11,0,1,1,Light Snow,0.4475,22.2531,0.91,0.138054,220,2545,2765,20-30
326,2011-11-22,Winter,0,11,0,2,1,Light Snow,0.416667,21.0848,0.9625,0.118792,69,1538,1607,20-30
327,2011-11-23,Winter,0,11,0,3,1,Mist,0.440833,21.52685,0.757917,0.335825,112,2454,2566,20-30
328,2011-11-24,Winter,0,11,1,4,0,Clear,0.373333,18.62355,0.549167,0.167304,560,935,1495,10-20
329,2011-11-25,Winter,0,11,0,5,1,Clear,0.375,19.033549999999998,0.64375,0.0988958,1095,1697,2792,10-20
330,2011-11-26,Winter,0,11,0,6,0,Clear,0.375833,19.254350000000002,0.681667,0.0684208,1249,1819,3068,10-20
331,2011-11-27,Winter,0,11,0,0,0,Clear,0.459167,22.79,0.698333,0.208954,810,2261,3071,20-30
332,2011-11-28,Winter,0,11,0,1,1,Clear,0.503478,24.5061,0.743043,0.142122,253,3614,3867,20-30
333,2011-11-29,Winter,0,11,0,2,1,Mist,0.458333,22.56875,0.830833,0.258092,96,2818,2914,20-30
334,2011-11-30,Winter,0,11,0,3,1,Clear,0.325,15.561050000000002,0.613333,0.271158,188,3425,3613,10-20
335,2011-12-01,Winter,0,12,0,4,1,Clear,0.3125,15.2777,0.524583,0.220158,182,3545,3727,10-20
336,2011-12-02,Winter,0,12,0,5,1,Clear,0.314167,16.571649999999998,0.625833,0.100754,268,3672,3940,10-20
337,2011-12-03,Winter,0,12,0,6,0,Clear,0.299167,15.530199999999999,0.612917,0.0957833,706,2908,3614,10-20
338,2011-12-04,Winter,0,12,0,0,0,Clear,0.330833,17.455000000000002,0.775833,0.0839583,634,2851,3485,10-20
339,2011-12-05,Winter,0,12,0,1,1,Mist,0.385833,19.696250000000003,0.827083,0.0622083,233,3578,3811,10-20
340,2011-12-06,Winter,0,12,0,2,1,Light Snow,0.4625,22.82,0.949583,0.232583,126,2468,2594,20-30
341,2011-12-07,Winter,0,12,0,3,1,Light Snow,0.41,20.0123,0.970417,0.266175,50,655,705,20-30
342,2011-12-08,Winter,0,12,0,4,1,Clear,0.265833,12.8469,0.58,0.240058,150,3172,3322,10-20
343,2011-12-09,Winter,0,12,0,5,1,Clear,0.290833,15.877099999999999,0.695833,0.0827167,261,3359,3620,10-20
344,2011-12-10,Winter,0,12,0,6,0,Clear,0.275,13.320599999999999,0.5075,0.233221,502,2688,3190,10-20
345,2011-12-11,Winter,0,12,0,0,0,Clear,0.220833,12.6577,0.49,0.0665417,377,2366,2743,10-20
346,2011-12-12,Winter,0,12,0,1,1,Clear,0.238333,13.5098,0.670833,0.06345,143,3167,3310,10-20
347,2011-12-13,Winter,0,12,0,2,1,Clear,0.2825,15.0569,0.59,0.14055,155,3368,3523,10-20
348,2011-12-14,Winter,0,12,0,3,1,Mist,0.3175,16.9181,0.66375,0.0609583,178,3562,3740,10-20
349,2011-12-15,Winter,0,12,0,4,1,Mist,0.4225,20.61185,0.634167,0.268042,181,3528,3709,20-30
350,2011-12-16,Winter,0,12,0,5,1,Mist,0.375,17.99125,0.500417,0.260575,178,3399,3577,10-20
351,2011-12-17,Winter,0,12,0,6,0,Mist,0.258333,12.46855,0.560833,0.243167,275,2464,2739,10-20
352,2011-12-18,Winter,0,12,0,0,0,Clear,0.238333,12.27895,0.58625,0.169779,220,2211,2431,10-20
353,2011-12-19,Winter,0,12,0,1,1,Clear,0.276667,14.04665,0.6375,0.172896,260,3143,3403,10-20
354,2011-12-20,Winter,0,12,0,2,1,Mist,0.385833,19.822699999999998,0.595417,0.0615708,216,3534,3750,10-20
355,2011-12-21,Spring,0,12,0,3,1,Mist,0.428333,21.400850000000002,0.858333,0.2214,107,2553,2660,20-30
356,2011-12-22,Spring,0,12,0,4,1,Mist,0.423333,21.306050000000006,0.7575,0.047275,227,2841,3068,20-30
357,2011-12-23,Spring,0,12,0,5,1,Clear,0.373333,18.87565,0.68625,0.274246,163,2046,2209,10-20
358,2011-12-24,Spring,0,12,0,6,0,Clear,0.3025,14.9621,0.5425,0.190304,155,856,1011,10-20
359,2011-12-25,Spring,0,12,0,0,0,Clear,0.274783,13.998050000000001,0.681304,0.155091,303,451,754,10-20
360,2011-12-26,Spring,0,12,1,1,0,Clear,0.321739,15.77675,0.506957,0.239465,430,887,1317,10-20
361,2011-12-27,Spring,0,12,0,2,1,Mist,0.325,16.38165,0.7625,0.18845,103,1059,1162,10-20
362,2011-12-28,Spring,0,12,0,3,1,Clear,0.29913,13.9987,0.503913,0.293961,255,2047,2302,10-20
363,2011-12-29,Spring,0,12,0,4,1,Clear,0.248333,13.194600000000001,0.574167,0.119412,254,2169,2423,10-20
364,2011-12-30,Spring,0,12,0,5,1,Clear,0.311667,15.9406,0.636667,0.134337,491,2508,2999,10-20
365,2011-12-31,Spring,0,12,0,6,0,Clear,0.41,20.70605,0.615833,0.220154,665,1820,2485,20-30
366,2012-01-01,Spring,1,1,0,0,0,Clear,0.37,18.78105,0.6925,0.192167,686,1608,2294,10-20
367,2012-01-02,Spring,1,1,1,1,0,Clear,0.273043,12.615199999999998,0.381304,0.329665,244,1707,1951,10-20
368,2012-01-03,Spring,1,1,0,2,1,Clear,0.15,6.31375,0.44125,0.365671,89,2147,2236,0-10
369,2012-01-04,Spring,1,1,0,3,1,Mist,0.1075,5.966849999999999,0.414583,0.1847,95,2273,2368,0-10
370,2012-01-05,Spring,1,1,0,4,1,Clear,0.265833,13.9206,0.524167,0.129987,140,3132,3272,10-20
371,2012-01-06,Spring,1,1,0,5,1,Clear,0.334167,17.01335,0.542083,0.167908,307,3791,4098,10-20
372,2012-01-07,Spring,1,1,0,6,0,Clear,0.393333,19.53895,0.531667,0.174758,1070,3451,4521,10-20
373,2012-01-08,Spring,1,1,0,0,0,Clear,0.3375,17.012900000000002,0.465,0.191542,599,2826,3425,10-20
374,2012-01-09,Spring,1,1,0,1,1,Mist,0.224167,12.37395,0.701667,0.0989,106,2270,2376,10-20
375,2012-01-10,Spring,1,1,0,2,1,Clear,0.308696,15.941300000000002,0.646522,0.187552,173,3425,3598,10-20
376,2012-01-11,Spring,1,1,0,3,1,Mist,0.274167,14.14105,0.8475,0.131221,92,2085,2177,10-20
377,2012-01-12,Spring,1,1,0,4,1,Mist,0.3825,19.0969,0.802917,0.180967,269,3828,4097,10-20
378,2012-01-13,Spring,1,1,0,5,1,Clear,0.274167,12.4681,0.5075,0.378108,174,3040,3214,10-20
379,2012-01-14,Spring,1,1,0,6,0,Clear,0.18,9.154349999999999,0.4575,0.187183,333,2160,2493,0-10
380,2012-01-15,Spring,1,1,0,0,0,Clear,0.166667,8.081249999999999,0.419167,0.251258,284,2027,2311,0-10
381,2012-01-16,Spring,1,1,1,1,0,Clear,0.19,9.533150000000001,0.5225,0.231358,217,2081,2298,0-10
382,2012-01-17,Spring,1,1,0,2,1,Mist,0.373043,18.213900000000002,0.716087,0.34913,127,2808,2935,10-20
383,2012-01-18,Spring,1,1,0,3,1,Clear,0.303333,13.7627,0.443333,0.415429,109,3267,3376,10-20
384,2012-01-19,Spring,1,1,0,4,1,Clear,0.19,9.501900000000001,0.4975,0.220158,130,3162,3292,0-10
385,2012-01-20,Spring,1,1,0,5,1,Mist,0.2175,11.0479,0.45,0.20275,115,3048,3163,10-20
386,2012-01-21,Spring,1,1,0,6,0,Mist,0.173333,8.74375,0.83125,0.222642,67,1234,1301,0-10
387,2012-01-22,Spring,1,1,0,0,0,Mist,0.1625,8.1125,0.79625,0.199638,196,1781,1977,0-10
388,2012-01-23,Spring,1,1,0,1,1,Mist,0.218333,12.152899999999999,0.91125,0.110708,145,2287,2432,10-20
389,2012-01-24,Spring,1,1,0,2,1,Clear,0.3425,17.455399999999997,0.835833,0.123767,439,3900,4339,10-20
390,2012-01-25,Spring,1,1,0,3,1,Clear,0.294167,14.74105,0.64375,0.161071,467,3803,4270,10-20
391,2012-01-26,Spring,1,1,0,4,1,Mist,0.341667,17.8025,0.769583,0.0733958,244,3831,4075,10-20
392,2012-01-27,Spring,1,1,0,5,1,Mist,0.425,20.76915,0.74125,0.342667,269,3187,3456,20-30
393,2012-01-28,Spring,1,1,0,6,0,Clear,0.315833,16.318949999999997,0.543333,0.210829,775,3248,4023,10-20
394,2012-01-29,Spring,1,1,0,0,0,Clear,0.2825,13.63605,0.31125,0.24005,558,2685,3243,10-20
395,2012-01-30,Spring,1,1,0,1,1,Clear,0.269167,13.13125,0.400833,0.215792,126,3498,3624,10-20
396,2012-01-31,Spring,1,1,0,2,1,Clear,0.39,19.06585,0.416667,0.261817,324,4185,4509,10-20
397,2012-02-01,Spring,1,2,0,3,1,Clear,0.469167,23.326900000000002,0.507917,0.189067,304,4275,4579,20-30
398,2012-02-02,Spring,1,2,0,4,1,Mist,0.399167,19.94855,0.672917,0.187187,190,3571,3761,10-20
399,2012-02-03,Spring,1,2,0,5,1,Clear,0.313333,15.4673,0.526667,0.178496,310,3841,4151,10-20
400,2012-02-04,Spring,1,2,0,6,0,Mist,0.264167,13.63625,0.779583,0.121896,384,2448,2832,10-20
401,2012-02-05,Spring,1,2,0,0,0,Mist,0.265833,13.22605,0.687917,0.175996,318,2629,2947,10-20
402,2012-02-06,Spring,1,2,0,1,1,Clear,0.282609,14.8213,0.622174,0.1538,206,3578,3784,10-20
403,2012-02-07,Spring,1,2,0,2,1,Clear,0.354167,18.0552,0.49625,0.147379,199,4176,4375,10-20
404,2012-02-08,Spring,1,2,0,3,1,Mist,0.256667,13.321050000000003,0.722917,0.133721,109,2693,2802,10-20
405,2012-02-09,Spring,1,2,0,4,1,Clear,0.265,13.099399999999997,0.562083,0.194037,163,3667,3830,10-20
406,2012-02-10,Spring,1,2,0,5,1,Mist,0.280833,14.6779,0.54,0.116929,227,3604,3831,10-20
407,2012-02-11,Spring,1,2,0,6,0,Light Snow,0.224167,10.54335,0.73125,0.289796,192,1977,2169,10-20
408,2012-02-12,Spring,1,2,0,0,0,Clear,0.1275,5.0829,0.464583,0.409212,73,1456,1529,0-10
409,2012-02-13,Spring,1,2,0,1,1,Clear,0.2225,11.39565,0.41125,0.167283,94,3328,3422,10-20
410,2012-02-14,Spring,1,2,0,2,1,Mist,0.319167,16.697300000000002,0.50875,0.141179,135,3787,3922,10-20
411,2012-02-15,Spring,1,2,0,3,1,Clear,0.348333,17.58145,0.53125,0.1816,141,4028,4169,10-20
412,2012-02-16,Spring,1,2,0,4,1,Mist,0.316667,16.5081,0.752917,0.091425,74,2931,3005,10-20
413,2012-02-17,Spring,1,2,0,5,1,Clear,0.343333,17.58145,0.634583,0.205846,349,3805,4154,10-20
414,2012-02-18,Spring,1,2,0,6,0,Clear,0.346667,17.77125,0.534583,0.190929,1435,2883,4318,10-20
415,2012-02-19,Spring,1,2,0,0,0,Mist,0.28,13.2894,0.515833,0.253112,618,2071,2689,10-20
416,2012-02-20,Spring,1,2,1,1,0,Clear,0.28,13.66955,0.507826,0.229083,502,2627,3129,10-20
417,2012-02-21,Spring,1,2,0,2,1,Clear,0.287826,14.755650000000001,0.594348,0.205717,163,3614,3777,10-20
418,2012-02-22,Spring,1,2,0,3,1,Clear,0.395833,19.63335,0.567917,0.234471,394,4379,4773,10-20
419,2012-02-23,Spring,1,2,0,4,1,Clear,0.454167,22.2223,0.554583,0.190913,516,4546,5062,20-30
420,2012-02-24,Spring,1,2,0,5,1,Mist,0.4075,20.54855,0.7375,0.237567,246,3241,3487,20-30
421,2012-02-25,Spring,1,2,0,6,0,Clear,0.290833,12.78375,0.395833,0.421642,317,2415,2732,10-20
422,2012-02-26,Spring,1,2,0,0,0,Clear,0.279167,13.4154,0.41,0.205229,515,2874,3389,10-20
423,2012-02-27,Spring,1,2,0,1,1,Clear,0.366667,17.8977,0.490833,0.268033,253,4069,4322,10-20
424,2012-02-28,Spring,1,2,0,2,1,Clear,0.359167,17.67625,0.395833,0.193417,229,4134,4363,10-20
425,2012-02-29,Spring,1,2,0,3,1,Mist,0.344348,17.4235,0.804783,0.179117,65,1769,1834,10-20
426,2012-03-01,Spring,1,3,0,4,1,Clear,0.485833,23.768549999999994,0.615417,0.226987,325,4665,4990,20-30
427,2012-03-02,Spring,1,3,0,5,1,Mist,0.353333,17.9921,0.657083,0.144904,246,2948,3194,10-20
428,2012-03-03,Spring,1,3,0,6,0,Mist,0.414167,20.6746,0.62125,0.161079,956,3110,4066,20-30
429,2012-03-04,Spring,1,3,0,0,0,Clear,0.325833,15.15105,0.403333,0.334571,710,2713,3423,10-20
430,2012-03-05,Spring,1,3,0,1,1,Clear,0.243333,12.05855,0.50625,0.228858,203,3130,3333,10-20
431,2012-03-06,Spring,1,3,0,2,1,Clear,0.258333,12.752099999999999,0.456667,0.200875,221,3735,3956,10-20
432,2012-03-07,Spring,1,3,0,3,1,Clear,0.404167,19.255,0.513333,0.345779,432,4484,4916,10-20
433,2012-03-08,Spring,1,3,0,4,1,Clear,0.5275,26.230199999999996,0.5675,0.441563,486,4896,5382,20-30
434,2012-03-09,Spring,1,3,0,5,1,Mist,0.410833,19.85415,0.407083,0.4148,447,4122,4569,10-20
435,2012-03-10,Spring,1,3,0,6,0,Clear,0.2875,13.888349999999997,0.350417,0.22575,968,3150,4118,10-20
436,2012-03-11,Spring,1,3,0,0,0,Clear,0.361739,17.9835,0.476957,0.222587,1658,3253,4911,10-20
437,2012-03-12,Spring,1,3,0,1,1,Clear,0.466667,22.9796,0.489167,0.207713,838,4460,5298,20-30
438,2012-03-13,Spring,1,3,0,2,1,Clear,0.565,27.14645,0.6175,0.23695,762,5085,5847,20-30
439,2012-03-14,Spring,1,3,0,3,1,Clear,0.5725,27.43085,0.507083,0.115062,997,5315,6312,20-30
440,2012-03-15,Spring,1,3,0,4,1,Clear,0.5575,26.64125,0.579583,0.149883,1005,5187,6192,20-30
441,2012-03-16,Spring,1,3,0,5,1,Mist,0.435833,21.81145,0.842083,0.113192,548,3830,4378,20-30
442,2012-03-17,Spring,1,3,0,6,0,Mist,0.514167,25.252299999999998,0.755833,0.110704,3155,4681,7836,20-30
443,2012-03-18,Spring,1,3,0,0,0,Mist,0.4725,23.200000000000003,0.81,0.126883,2207,3685,5892,20-30
444,2012-03-19,Spring,1,3,0,1,1,Clear,0.545,26.64105,0.72875,0.162317,982,5171,6153,20-30
445,2012-03-20,Spring,1,3,0,2,1,Clear,0.560833,26.92665000000001,0.807917,0.121271,1051,5042,6093,20-30
446,2012-03-21,Summer,1,3,0,3,1,Mist,0.531667,25.6629,0.82125,0.0895583,1122,5108,6230,20-30
447,2012-03-22,Summer,1,3,0,4,1,Clear,0.554167,26.57835,0.83125,0.117562,1334,5537,6871,20-30
448,2012-03-23,Summer,1,3,0,5,1,Mist,0.601667,28.50335,0.694167,0.1163,2469,5893,8362,20-30
449,2012-03-24,Summer,1,3,0,6,0,Mist,0.5025,24.336650000000006,0.885417,0.192783,1033,2339,3372,20-30
450,2012-03-25,Summer,1,3,0,0,0,Mist,0.4375,21.874399999999994,0.880833,0.220775,1532,3464,4996,20-30
451,2012-03-26,Summer,1,3,0,1,1,Clear,0.445833,21.9375,0.477917,0.386821,795,4763,5558,20-30
452,2012-03-27,Summer,1,3,0,2,1,Clear,0.323333,15.7827,0.29,0.187192,531,4571,5102,10-20
453,2012-03-28,Summer,1,3,0,3,1,Clear,0.484167,23.5475,0.48125,0.291671,674,5024,5698,20-30
454,2012-03-29,Summer,1,3,0,4,1,Clear,0.494167,24.1152,0.439167,0.31965,834,5299,6133,20-30
455,2012-03-30,Summer,1,3,0,5,1,Mist,0.37,18.78105,0.580833,0.138067,796,4663,5459,10-20
456,2012-03-31,Summer,1,3,0,6,0,Mist,0.424167,21.0854,0.738333,0.250617,2301,3934,6235,20-30
457,2012-04-01,Summer,1,4,0,0,0,Mist,0.425833,20.864350000000005,0.67625,0.172267,2347,3694,6041,20-30
458,2012-04-02,Summer,1,4,0,1,1,Clear,0.433913,21.37565,0.504348,0.312139,1208,4728,5936,20-30
459,2012-04-03,Summer,1,4,0,2,1,Clear,0.466667,23.07415,0.396667,0.100133,1348,5424,6772,20-30
460,2012-04-04,Summer,1,4,0,3,1,Clear,0.541667,26.6725,0.469583,0.180975,1058,5378,6436,20-30
461,2012-04-05,Summer,1,4,0,4,1,Clear,0.435,21.55815,0.374167,0.219529,1192,5265,6457,20-30
462,2012-04-06,Summer,1,4,0,5,1,Clear,0.403333,19.538349999999998,0.377083,0.300388,1807,4653,6460,10-20
463,2012-04-07,Summer,1,4,0,6,0,Clear,0.4375,21.306449999999998,0.254167,0.274871,3252,3605,6857,20-30
464,2012-04-08,Summer,1,4,0,0,0,Clear,0.5,24.62125,0.275833,0.232596,2230,2939,5169,20-30
465,2012-04-09,Summer,1,4,0,1,1,Clear,0.489167,23.8319,0.3175,0.358196,905,4680,5585,20-30
466,2012-04-10,Summer,1,4,0,2,1,Clear,0.446667,21.81165,0.435,0.249375,819,5099,5918,20-30
467,2012-04-11,Summer,1,4,0,3,1,Clear,0.348696,16.863699999999998,0.469565,0.295274,482,4380,4862,10-20
468,2012-04-12,Summer,1,4,0,4,1,Clear,0.3975,19.3802,0.46625,0.290429,663,4746,5409,10-20
469,2012-04-13,Summer,1,4,0,5,1,Clear,0.4425,21.590400000000002,0.408333,0.155471,1252,5146,6398,20-30
470,2012-04-14,Summer,1,4,0,6,0,Clear,0.495,24.3998,0.502917,0.190917,2795,4665,7460,20-30
471,2012-04-15,Summer,1,4,0,0,0,Clear,0.606667,28.69375,0.507917,0.225129,2846,4286,7132,20-30
472,2012-04-16,Summer,1,4,1,1,0,Clear,0.664167,30.746250000000003,0.561667,0.284829,1198,5172,6370,30-40
473,2012-04-17,Summer,1,4,0,2,1,Clear,0.608333,29.92435,0.390417,0.273629,989,5702,6691,20-30
474,2012-04-18,Summer,1,4,0,3,1,Mist,0.463333,22.8519,0.569167,0.167912,347,4020,4367,20-30
475,2012-04-19,Summer,1,4,0,4,1,Clear,0.498333,24.6523,0.6125,0.0659292,846,5719,6565,20-30
476,2012-04-20,Summer,1,4,0,5,1,Clear,0.526667,25.78875,0.694583,0.149871,1340,5950,7290,20-30
477,2012-04-21,Summer,1,4,0,6,0,Clear,0.57,27.14605,0.682917,0.283587,2541,4083,6624,20-30
478,2012-04-22,Summer,1,4,0,0,0,Light Snow,0.396667,19.4752,0.835417,0.344546,120,907,1027,10-20
479,2012-04-23,Summer,1,4,0,1,1,Mist,0.321667,15.056249999999999,0.766667,0.303496,195,3019,3214,10-20
480,2012-04-24,Summer,1,4,0,2,1,Clear,0.413333,20.26415,0.454167,0.249383,518,5115,5633,20-30
481,2012-04-25,Summer,1,4,0,3,1,Clear,0.476667,23.51585,0.427917,0.118792,655,5541,6196,20-30
482,2012-04-26,Summer,1,4,0,4,1,Mist,0.498333,24.17915,0.756667,0.176625,475,4551,5026,20-30
483,2012-04-27,Summer,1,4,0,5,1,Clear,0.4575,22.63185,0.400833,0.347633,1014,5219,6233,20-30
484,2012-04-28,Summer,1,4,0,6,0,Mist,0.376667,18.8752,0.489583,0.129975,1120,3100,4220,10-20
485,2012-04-29,Summer,1,4,0,0,0,Clear,0.458333,22.506050000000002,0.587083,0.116908,2229,4075,6304,20-30
486,2012-04-30,Summer,1,4,0,1,1,Mist,0.464167,22.8848,0.57,0.171638,665,4907,5572,20-30
487,2012-05-01,Summer,1,5,0,2,1,Mist,0.613333,28.85105,0.659583,0.156096,653,5087,5740,20-30
488,2012-05-02,Summer,1,5,0,3,1,Clear,0.564167,26.894800000000004,0.797083,0.138058,667,5502,6169,20-30
489,2012-05-03,Summer,1,5,0,4,1,Mist,0.56,26.862099999999998,0.768333,0.133696,764,5657,6421,20-30
490,2012-05-04,Summer,1,5,0,5,1,Clear,0.6275,29.54585,0.735417,0.162938,1069,5227,6296,20-30
491,2012-05-05,Summer,1,5,0,6,0,Mist,0.621667,29.2304,0.756667,0.152992,2496,4387,6883,20-30
492,2012-05-06,Summer,1,5,0,0,0,Mist,0.5625,27.336850000000005,0.74,0.149879,2135,4224,6359,20-30
493,2012-05-07,Summer,1,5,0,1,1,Mist,0.5375,26.3571,0.664167,0.230721,1008,5265,6273,20-30
494,2012-05-08,Summer,1,5,0,2,1,Mist,0.581667,27.87355,0.685833,0.296029,738,4990,5728,20-30
495,2012-05-09,Summer,1,5,0,3,1,Mist,0.575,27.65125,0.744167,0.216412,620,4097,4717,20-30
496,2012-05-10,Summer,1,5,0,4,1,Clear,0.505833,24.58915,0.552083,0.314063,1026,5546,6572,20-30
497,2012-05-11,Summer,1,5,0,5,1,Clear,0.533333,26.04165,0.360417,0.236937,1319,5711,7030,20-30
498,2012-05-12,Summer,1,5,0,6,0,Clear,0.564167,27.24085,0.480417,0.123133,2622,4807,7429,20-30
499,2012-05-13,Summer,1,5,0,0,0,Clear,0.6125,29.2619,0.57625,0.225117,2172,3946,6118,20-30
500,2012-05-14,Summer,1,5,0,1,1,Mist,0.573333,27.495000000000005,0.789583,0.212692,342,2501,2843,20-30
501,2012-05-15,Summer,1,5,0,2,1,Mist,0.611667,28.8202,0.794583,0.147392,625,4490,5115,20-30
502,2012-05-16,Summer,1,5,0,3,1,Clear,0.636667,29.798749999999995,0.697917,0.122512,991,6433,7424,20-30
503,2012-05-17,Summer,1,5,0,4,1,Clear,0.593333,28.630650000000006,0.52,0.229475,1242,6142,7384,20-30
504,2012-05-18,Summer,1,5,0,5,1,Clear,0.564167,27.55605,0.523333,0.136817,1521,6118,7639,20-30
505,2012-05-19,Summer,1,5,0,6,0,Clear,0.6,28.345399999999998,0.45625,0.083975,3410,4884,8294,20-30
506,2012-05-20,Summer,1,5,0,0,0,Clear,0.620833,29.19835,0.530417,0.254367,2704,4425,7129,20-30
507,2012-05-21,Summer,1,5,0,1,1,Mist,0.598333,28.283349999999995,0.81125,0.233204,630,3729,4359,20-30
508,2012-05-22,Summer,1,5,0,2,1,Mist,0.615,29.04125,0.765833,0.118167,819,5254,6073,20-30
509,2012-05-23,Summer,1,5,0,3,1,Mist,0.621667,29.230600000000003,0.774583,0.102,766,4494,5260,20-30
510,2012-05-24,Summer,1,5,0,4,1,Clear,0.655,30.335,0.716667,0.172896,1059,5711,6770,30-40
511,2012-05-25,Summer,1,5,0,5,1,Clear,0.68,31.37645,0.747083,0.14055,1417,5317,6734,30-40
512,2012-05-26,Summer,1,5,0,6,0,Clear,0.6925,32.134800000000006,0.7325,0.198992,2855,3681,6536,30-40
513,2012-05-27,Summer,1,5,0,0,0,Clear,0.69,32.07125,0.697083,0.215171,3283,3308,6591,30-40
514,2012-05-28,Summer,1,5,1,1,0,Clear,0.7125,33.965,0.67625,0.196521,2557,3486,6043,30-40
515,2012-05-29,Summer,1,5,0,2,1,Clear,0.7225,33.6496,0.684583,0.2954,880,4863,5743,30-40
516,2012-05-30,Summer,1,5,0,3,1,Mist,0.656667,30.556449999999995,0.67,0.134329,745,6110,6855,30-40
517,2012-05-31,Summer,1,5,0,4,1,Clear,0.68,31.566450000000003,0.492917,0.195279,1100,6238,7338,30-40
518,2012-06-01,Summer,1,6,0,5,1,Mist,0.654167,30.3981,0.755417,0.237563,533,3594,4127,30-40
519,2012-06-02,Summer,1,6,0,6,0,Clear,0.583333,28.3144,0.549167,0.186562,2795,5325,8120,20-30
520,2012-06-03,Summer,1,6,0,0,0,Clear,0.6025,28.75665,0.493333,0.184087,2494,5147,7641,20-30
521,2012-06-04,Summer,1,6,0,1,1,Clear,0.5975,28.91415,0.487083,0.284833,1071,5927,6998,20-30
522,2012-06-05,Summer,1,6,0,2,1,Mist,0.540833,26.294600000000003,0.613333,0.209575,968,6033,7001,20-30
523,2012-06-06,Summer,1,6,0,3,1,Clear,0.554167,27.1146,0.61125,0.077125,1027,6028,7055,20-30
524,2012-06-07,Summer,1,6,0,4,1,Clear,0.6025,28.4721,0.567083,0.15735,1038,6456,7494,20-30
525,2012-06-08,Summer,1,6,0,5,1,Clear,0.649167,29.8931,0.467917,0.175383,1488,6248,7736,20-30
526,2012-06-09,Summer,1,6,0,6,0,Clear,0.710833,32.418350000000004,0.437083,0.144287,2708,4790,7498,30-40
527,2012-06-10,Summer,1,6,0,0,0,Clear,0.726667,33.175850000000004,0.538333,0.133721,2224,4374,6598,30-40
528,2012-06-11,Summer,1,6,0,1,1,Mist,0.720833,32.98605,0.587917,0.207713,1017,5647,6664,30-40
529,2012-06-12,Summer,1,6,0,2,1,Mist,0.653333,29.89375,0.833333,0.214546,477,4495,4972,20-30
530,2012-06-13,Summer,1,6,0,3,1,Clear,0.655833,30.55585,0.582083,0.343279,1173,6248,7421,30-40
531,2012-06-14,Summer,1,6,0,4,1,Clear,0.648333,31.219150000000003,0.569583,0.253733,1180,6183,7363,30-40
532,2012-06-15,Summer,1,6,0,5,1,Clear,0.639167,29.9877,0.589583,0.176617,1563,6102,7665,20-30
533,2012-06-16,Summer,1,6,0,6,0,Clear,0.631667,29.735400000000006,0.504167,0.166667,2963,4739,7702,20-30
534,2012-06-17,Summer,1,6,0,0,0,Clear,0.5925,28.59875,0.59875,0.144904,2634,4344,6978,20-30
535,2012-06-18,Summer,1,6,0,1,1,Mist,0.568333,27.2421,0.777917,0.174746,653,4446,5099,20-30
536,2012-06-19,Summer,1,6,0,2,1,Clear,0.688333,32.7346,0.69,0.148017,968,5857,6825,30-40
537,2012-06-20,Summer,1,6,0,3,1,Clear,0.7825,36.04875,0.592083,0.113812,872,5339,6211,30-40
538,2012-06-21,Fall,1,6,0,4,1,Clear,0.805833,37.6271,0.567917,0.118787,778,5127,5905,30-40
539,2012-06-22,Fall,1,6,0,5,1,Clear,0.7775,36.20605,0.57375,0.182842,964,4859,5823,30-40
540,2012-06-23,Fall,1,6,0,6,0,Clear,0.731667,32.6396,0.534583,0.179721,2657,4801,7458,30-40
541,2012-06-24,Fall,1,6,0,0,0,Clear,0.743333,33.7127,0.479167,0.145525,2551,4340,6891,30-40
542,2012-06-25,Fall,1,6,0,1,1,Clear,0.715833,32.7021,0.504167,0.300383,1139,5640,6779,30-40
543,2012-06-26,Fall,1,6,0,2,1,Clear,0.630833,29.7352,0.373333,0.347642,1077,6365,7442,20-30
544,2012-06-27,Fall,1,6,0,3,1,Clear,0.6975,32.0396,0.36,0.271775,1077,6258,7335,30-40
545,2012-06-28,Fall,1,6,0,4,1,Clear,0.749167,33.7756,0.4225,0.17165,921,5958,6879,30-40
546,2012-06-29,Fall,1,6,0,5,1,Clear,0.834167,39.33065,0.48875,0.165417,829,4634,5463,30-40
547,2012-06-30,Fall,1,6,0,6,0,Clear,0.765,34.3754,0.60125,0.161071,1455,4232,5687,30-40
548,2012-07-01,Fall,1,7,0,0,0,Clear,0.815833,37.53145,0.51875,0.168529,1421,4110,5531,30-40
549,2012-07-02,Fall,1,7,0,1,1,Clear,0.781667,35.1019,0.447083,0.195267,904,5323,6227,30-40
550,2012-07-03,Fall,1,7,0,2,1,Clear,0.780833,35.1325,0.492083,0.126237,1052,5608,6660,30-40
551,2012-07-04,Fall,1,7,1,3,0,Clear,0.789167,36.61685,0.53875,0.13495,2562,4841,7403,30-40
552,2012-07-05,Fall,1,7,0,4,1,Clear,0.8275,38.06835,0.457917,0.194029,1405,4836,6241,30-40
553,2012-07-06,Fall,1,7,0,5,1,Clear,0.828333,37.62665,0.450833,0.146142,1366,4841,6207,30-40
554,2012-07-07,Fall,1,7,0,6,0,Clear,0.861667,40.24565,0.492083,0.163554,1448,3392,4840,40-50
555,2012-07-08,Fall,1,7,0,0,0,Clear,0.8225,39.5198,0.57375,0.125629,1203,3469,4672,30-40
556,2012-07-09,Fall,1,7,0,1,1,Mist,0.710833,32.7027,0.683333,0.180975,998,5571,6569,30-40
557,2012-07-10,Fall,1,7,0,2,1,Mist,0.720833,33.2398,0.6675,0.151737,954,5336,6290,30-40
558,2012-07-11,Fall,1,7,0,3,1,Clear,0.716667,32.51355,0.633333,0.151733,975,6289,7264,30-40
559,2012-07-12,Fall,1,7,0,4,1,Clear,0.715833,32.73415,0.529583,0.146775,1032,6414,7446,30-40
560,2012-07-13,Fall,1,7,0,5,1,Mist,0.731667,33.39665,0.485833,0.08085,1511,5988,7499,30-40
561,2012-07-14,Fall,1,7,0,6,0,Mist,0.703333,33.3021,0.699167,0.143679,2355,4614,6969,30-40
562,2012-07-15,Fall,1,7,0,0,0,Clear,0.745833,35.259800000000006,0.717917,0.166667,1920,4111,6031,30-40
563,2012-07-16,Fall,1,7,0,1,1,Clear,0.763333,36.206250000000004,0.645,0.164187,1088,5742,6830,30-40
564,2012-07-17,Fall,1,7,0,2,1,Clear,0.818333,37.78415,0.505833,0.114429,921,5865,6786,30-40
565,2012-07-18,Fall,1,7,0,3,1,Clear,0.793333,37.27915,0.577083,0.137442,799,4914,5713,30-40
566,2012-07-19,Fall,1,7,0,4,1,Clear,0.77,35.7321,0.600417,0.165429,888,5703,6591,30-40
567,2012-07-20,Fall,1,7,0,5,1,Mist,0.665833,30.65125,0.844167,0.208967,747,5123,5870,30-40
568,2012-07-21,Fall,1,7,0,6,0,Light Snow,0.595833,27.495599999999996,0.865417,0.2133,1264,3195,4459,20-30
569,2012-07-22,Fall,1,7,0,0,0,Mist,0.6675,31.156250000000004,0.7625,0.0939208,2544,4866,7410,30-40
570,2012-07-23,Fall,1,7,0,1,1,Clear,0.741667,34.50085,0.694167,0.138683,1135,5831,6966,30-40
571,2012-07-24,Fall,1,7,0,2,1,Clear,0.750833,35.3225,0.655,0.211454,1140,6452,7592,30-40
572,2012-07-25,Fall,1,7,0,3,1,Clear,0.724167,32.7027,0.45,0.1648,1383,6790,8173,30-40
573,2012-07-26,Fall,1,7,0,4,1,Clear,0.776667,36.96315,0.596667,0.284813,1036,5825,6861,30-40
574,2012-07-27,Fall,1,7,0,5,1,Clear,0.781667,36.71085,0.594583,0.152992,1259,5645,6904,30-40
575,2012-07-28,Fall,1,7,0,6,0,Clear,0.755833,34.8802,0.613333,0.15735,2234,4451,6685,30-40
576,2012-07-29,Fall,1,7,0,0,0,Clear,0.721667,33.39665,0.62375,0.170396,2153,4444,6597,30-40
577,2012-07-30,Fall,1,7,0,1,1,Clear,0.730833,34.24935,0.66875,0.153617,1040,6065,7105,30-40
578,2012-07-31,Fall,1,7,0,2,1,Clear,0.713333,33.144800000000004,0.704167,0.165425,968,6248,7216,30-40
579,2012-08-01,Fall,1,8,0,3,1,Clear,0.7175,33.3654,0.6775,0.141179,1074,6506,7580,30-40
580,2012-08-02,Fall,1,8,0,4,1,Clear,0.7525,35.354400000000005,0.659583,0.129354,983,6278,7261,30-40
581,2012-08-03,Fall,1,8,0,5,1,Mist,0.765833,36.143350000000005,0.6425,0.215792,1328,5847,7175,30-40
582,2012-08-04,Fall,1,8,0,6,0,Clear,0.793333,37.56335,0.613333,0.257458,2345,4479,6824,30-40
583,2012-08-05,Fall,1,8,0,0,0,Clear,0.769167,36.55395,0.6525,0.290421,1707,3757,5464,30-40
584,2012-08-06,Fall,1,8,0,1,1,Mist,0.7525,35.5123,0.654167,0.129354,1233,5780,7013,30-40
585,2012-08-07,Fall,1,8,0,2,1,Mist,0.735833,34.88105,0.70375,0.116908,1278,5995,7273,30-40
586,2012-08-08,Fall,1,8,0,3,1,Mist,0.75,35.385850000000005,0.672917,0.1107,1263,6271,7534,30-40
587,2012-08-09,Fall,1,8,0,4,1,Clear,0.755833,34.9754,0.620417,0.1561,1196,6090,7286,30-40
588,2012-08-10,Fall,1,8,0,5,1,Mist,0.715833,33.3971,0.715833,0.238813,1065,4721,5786,30-40
589,2012-08-11,Fall,1,8,0,6,0,Mist,0.6925,31.91335,0.732917,0.206479,2247,4052,6299,30-40
590,2012-08-12,Fall,1,8,0,0,0,Clear,0.700833,32.22895,0.530417,0.122512,2182,4362,6544,30-40
591,2012-08-13,Fall,1,8,0,1,1,Clear,0.720833,33.112700000000004,0.545417,0.136212,1207,5676,6883,30-40
592,2012-08-14,Fall,1,8,0,2,1,Clear,0.726667,33.838950000000004,0.686667,0.169158,1128,5656,6784,30-40
593,2012-08-15,Fall,1,8,0,3,1,Clear,0.706667,32.70185,0.619583,0.169771,1198,6149,7347,30-40
594,2012-08-16,Fall,1,8,0,4,1,Clear,0.719167,32.7344,0.519167,0.141796,1338,6267,7605,30-40
595,2012-08-17,Fall,1,8,0,5,1,Clear,0.723333,12.12,0.570833,0.231354,1483,5665,7148,10-20
596,2012-08-18,Fall,1,8,0,6,0,Clear,0.678333,30.903550000000006,0.603333,0.177867,2827,5038,7865,30-40
597,2012-08-19,Fall,1,8,0,0,0,Mist,0.635833,30.1777,0.711667,0.08645,1208,3341,4549,30-40
598,2012-08-20,Fall,1,8,0,1,1,Mist,0.635833,29.798350000000006,0.734167,0.129979,1026,5504,6530,20-30
599,2012-08-21,Fall,1,8,0,2,1,Clear,0.649167,30.051250000000003,0.67375,0.0727708,1081,5925,7006,30-40
600,2012-08-22,Fall,1,8,0,3,1,Clear,0.6675,31.0927,0.677083,0.0702833,1094,6281,7375,30-40
601,2012-08-23,Fall,1,8,0,4,1,Clear,0.695833,31.8504,0.635833,0.0845958,1363,6402,7765,30-40
602,2012-08-24,Fall,1,8,0,5,1,Mist,0.7025,32.355000000000004,0.615,0.0721458,1325,6257,7582,30-40
603,2012-08-25,Fall,1,8,0,6,0,Mist,0.661667,30.934800000000006,0.712917,0.244408,1829,4224,6053,30-40
604,2012-08-26,Fall,1,8,0,0,0,Mist,0.653333,29.799799999999994,0.845833,0.228858,1483,3772,5255,20-30
605,2012-08-27,Fall,1,8,0,1,1,Clear,0.703333,32.7344,0.730417,0.128733,989,5928,6917,30-40
606,2012-08-28,Fall,1,8,0,2,1,Clear,0.728333,33.3025,0.62,0.190925,935,6105,7040,30-40
607,2012-08-29,Fall,1,8,0,3,1,Clear,0.685,31.786649999999998,0.552083,0.112562,1177,6520,7697,30-40
608,2012-08-30,Fall,1,8,0,4,1,Clear,0.706667,32.63895,0.590417,0.0771167,1172,6541,7713,30-40
609,2012-08-31,Fall,1,8,0,5,1,Clear,0.764167,34.47,0.5875,0.168533,1433,5917,7350,30-40
610,2012-09-01,Fall,1,9,0,6,0,Mist,0.753333,35.1327,0.638333,0.113187,2352,3788,6140,30-40
611,2012-09-02,Fall,1,9,0,0,0,Mist,0.696667,32.45,0.815,0.0640708,2613,3197,5810,30-40
612,2012-09-03,Fall,1,9,1,1,0,Clear,0.7075,33.081450000000004,0.790833,0.151121,1965,4069,6034,30-40
613,2012-09-04,Fall,1,9,0,2,1,Clear,0.725833,34.3444,0.755,0.236321,867,5997,6864,30-40
614,2012-09-05,Fall,1,9,0,3,1,Clear,0.736667,35.44915,0.74125,0.187808,832,6280,7112,30-40
615,2012-09-06,Fall,1,9,0,4,1,Mist,0.696667,32.766450000000006,0.810417,0.142421,611,5592,6203,30-40
616,2012-09-07,Fall,1,9,0,5,1,Clear,0.703333,32.8602,0.73625,0.171646,1045,6459,7504,30-40
617,2012-09-08,Fall,1,9,0,6,0,Mist,0.659167,30.556050000000006,0.799167,0.281104,1557,4419,5976,30-40
618,2012-09-09,Fall,1,9,0,0,0,Clear,0.61,28.946250000000006,0.5475,0.224496,2570,5657,8227,20-30
619,2012-09-10,Fall,1,9,0,1,1,Clear,0.583333,28.2827,0.50375,0.258713,1118,6407,7525,20-30
620,2012-09-11,Fall,1,9,0,2,1,Clear,0.5775,27.7146,0.52,0.0920542,1070,6697,7767,20-30
621,2012-09-12,Fall,1,9,0,3,1,Clear,0.599167,28.50375,0.577083,0.131846,1050,6820,7870,20-30
622,2012-09-13,Fall,1,9,0,4,1,Clear,0.6125,28.9779,0.637083,0.0827208,1054,6750,7804,20-30
623,2012-09-14,Fall,1,9,0,5,1,Clear,0.633333,29.704150000000006,0.6725,0.103863,1379,6630,8009,20-30
624,2012-09-15,Fall,1,9,0,6,0,Clear,0.608333,29.29335,0.501667,0.247521,3160,5554,8714,20-30
625,2012-09-16,Fall,1,9,0,0,0,Clear,0.58,28.15625,0.57,0.0901833,2166,5167,7333,20-30
626,2012-09-17,Fall,1,9,0,1,1,Mist,0.580833,27.652500000000003,0.734583,0.151742,1022,5847,6869,20-30
627,2012-09-18,Fall,1,9,0,2,1,Mist,0.623333,28.253349999999998,0.8725,0.357587,371,3702,4073,20-30
628,2012-09-19,Fall,1,9,0,3,1,Clear,0.5525,27.0202,0.536667,0.215175,788,6803,7591,20-30
629,2012-09-20,Fall,1,9,0,4,1,Clear,0.546667,26.6096,0.618333,0.118167,939,6781,7720,20-30
630,2012-09-21,Fall,1,9,0,5,1,Clear,0.599167,28.59855,0.66875,0.154229,1250,6917,8167,20-30
631,2012-09-22,Fall,1,9,0,6,0,Clear,0.65,30.5244,0.646667,0.283583,2512,5883,8395,30-40
632,2012-09-23,Winter,1,9,0,0,0,Clear,0.529167,25.946649999999998,0.467083,0.223258,2454,5453,7907,20-30
633,2012-09-24,Winter,1,9,0,1,1,Clear,0.514167,25.12565,0.492917,0.142404,1001,6435,7436,20-30
634,2012-09-25,Winter,1,9,0,2,1,Clear,0.55,27.208950000000005,0.57,0.236321,845,6693,7538,20-30
635,2012-09-26,Winter,1,9,0,3,1,Clear,0.635,29.830650000000002,0.630833,0.2444,787,6946,7733,20-30
636,2012-09-27,Winter,1,9,0,4,1,Mist,0.65,30.398750000000003,0.690833,0.134342,751,6642,7393,30-40
637,2012-09-28,Winter,1,9,0,5,1,Mist,0.619167,29.29315,0.69,0.164179,1045,6370,7415,20-30
638,2012-09-29,Winter,1,9,0,6,0,Clear,0.5425,26.5148,0.542917,0.227604,2589,5966,8555,20-30
639,2012-09-30,Winter,1,9,0,0,0,Clear,0.526667,25.88315,0.583333,0.134958,2015,4874,6889,20-30
640,2012-10-01,Winter,1,10,0,1,1,Mist,0.520833,25.6,0.649167,0.0908042,763,6015,6778,20-30
641,2012-10-02,Winter,1,10,0,2,1,Light Snow,0.590833,27.116649999999996,0.871667,0.104475,315,4324,4639,20-30
642,2012-10-03,Winter,1,10,0,3,1,Mist,0.6575,29.95665,0.79375,0.0665458,728,6844,7572,20-30
643,2012-10-04,Winter,1,10,0,4,1,Mist,0.6575,30.398750000000003,0.722917,0.117546,891,6437,7328,30-40
644,2012-10-05,Winter,1,10,0,5,1,Clear,0.615,29.00935,0.6275,0.10635,1516,6640,8156,20-30
645,2012-10-06,Winter,1,10,0,6,0,Clear,0.554167,26.92605,0.664167,0.268025,3031,4934,7965,20-30
646,2012-10-07,Winter,1,10,0,0,0,Mist,0.415833,20.990650000000002,0.708333,0.141162,781,2729,3510,20-30
647,2012-10-08,Winter,1,10,1,1,0,Mist,0.383333,19.3804,0.709583,0.189679,874,4604,5478,10-20
648,2012-10-09,Winter,1,10,0,2,1,Mist,0.446667,21.9056,0.761667,0.1903,601,5791,6392,20-30
649,2012-10-10,Winter,1,10,0,3,1,Clear,0.514167,25.1571,0.630833,0.187821,780,6911,7691,20-30
650,2012-10-11,Winter,1,10,0,4,1,Clear,0.435,21.55835,0.463333,0.181596,834,6736,7570,20-30
651,2012-10-12,Winter,1,10,0,5,1,Clear,0.4375,21.65355,0.539167,0.235092,1060,6222,7282,20-30
652,2012-10-13,Winter,1,10,0,6,0,Clear,0.393333,19.5698,0.494583,0.146142,2252,4857,7109,10-20
653,2012-10-14,Winter,1,10,0,0,0,Clear,0.521667,25.4102,0.640417,0.278612,2080,4559,6639,20-30
654,2012-10-15,Winter,1,10,0,1,1,Mist,0.561667,26.9575,0.7075,0.296037,760,5115,5875,20-30
655,2012-10-16,Winter,1,10,0,2,1,Clear,0.468333,23.042299999999997,0.558333,0.182221,922,6612,7534,20-30
656,2012-10-17,Winter,1,10,0,3,1,Clear,0.455833,22.505399999999998,0.692917,0.101371,979,6482,7461,20-30
657,2012-10-18,Winter,1,10,0,4,1,Mist,0.5225,25.63125,0.728333,0.236937,1008,6501,7509,20-30
658,2012-10-19,Winter,1,10,0,5,1,Mist,0.563333,26.894800000000004,0.815,0.134954,753,4671,5424,20-30
659,2012-10-20,Winter,1,10,0,6,0,Clear,0.484167,23.6421,0.572917,0.117537,2806,5284,8090,20-30
660,2012-10-21,Winter,1,10,0,0,0,Clear,0.464167,22.82145,0.51,0.166054,2132,4692,6824,20-30
661,2012-10-22,Winter,1,10,0,1,1,Clear,0.4875,24.147100000000002,0.568333,0.0814833,830,6228,7058,20-30
662,2012-10-23,Winter,1,10,0,2,1,Clear,0.544167,26.5152,0.641667,0.0945458,841,6625,7466,20-30
663,2012-10-24,Winter,1,10,0,3,1,Clear,0.5875,27.93605,0.63625,0.0727792,795,6898,7693,20-30
664,2012-10-25,Winter,1,10,0,4,1,Mist,0.55,26.4844,0.800417,0.124375,875,6484,7359,20-30
665,2012-10-26,Winter,1,10,0,5,1,Mist,0.545833,26.137500000000003,0.807083,0.132467,1182,6262,7444,20-30
666,2012-10-27,Winter,1,10,0,6,0,Mist,0.53,25.756649999999993,0.72,0.235692,2643,5209,7852,20-30
667,2012-10-28,Winter,1,10,0,0,0,Mist,0.4775,23.38855,0.694583,0.398008,998,3461,4459,20-30
668,2012-10-29,Winter,1,10,0,1,1,Light Snow,0.44,21.97,0.88,0.3582,2,20,22,20-30
669,2012-10-30,Winter,1,10,0,2,1,Mist,0.318182,15.49545,0.825455,0.213009,87,1009,1096,10-20
670,2012-10-31,Winter,1,10,0,3,1,Mist,0.3575,18.055,0.666667,0.166667,419,5147,5566,10-20
671,2012-11-01,Winter,1,11,0,4,1,Mist,0.365833,18.4971,0.581667,0.157346,466,5520,5986,10-20
672,2012-11-02,Winter,1,11,0,5,1,Clear,0.355,17.802100000000003,0.522083,0.266175,618,5229,5847,10-20
673,2012-11-03,Winter,1,11,0,6,0,Mist,0.343333,16.1923,0.49125,0.270529,1029,4109,5138,10-20
674,2012-11-04,Winter,1,11,0,0,0,Clear,0.325833,16.4769,0.532917,0.179108,1201,3906,5107,10-20
675,2012-11-05,Winter,1,11,0,1,1,Clear,0.319167,15.403749999999997,0.494167,0.236325,378,4881,5259,10-20
676,2012-11-06,Winter,1,11,0,2,1,Clear,0.280833,14.07835,0.567083,0.173513,466,5220,5686,10-20
677,2012-11-07,Winter,1,11,0,3,1,Mist,0.295833,13.73105,0.5475,0.304108,326,4709,5035,10-20
678,2012-11-08,Winter,1,11,0,4,1,Clear,0.352174,17.094550000000005,0.333478,0.347835,340,4975,5315,10-20
679,2012-11-09,Winter,1,11,0,5,1,Clear,0.361667,17.77065,0.540833,0.214558,709,5283,5992,10-20
680,2012-11-10,Winter,1,11,0,6,0,Clear,0.389167,19.696849999999998,0.645417,0.0578458,2090,4446,6536,10-20
681,2012-11-11,Winter,1,11,0,0,0,Clear,0.420833,21.08565,0.659167,0.1275,2290,4562,6852,20-30
682,2012-11-12,Winter,1,11,1,1,0,Clear,0.485,23.76915,0.741667,0.173517,1097,5172,6269,20-30
683,2012-11-13,Winter,1,11,0,2,1,Mist,0.343333,16.16125,0.662917,0.342046,327,3767,4094,10-20
684,2012-11-14,Winter,1,11,0,3,1,Clear,0.289167,14.07815,0.552083,0.199625,373,5122,5495,10-20
685,2012-11-15,Winter,1,11,0,4,1,Mist,0.321667,16.2246,0.620417,0.152987,320,5125,5445,10-20
686,2012-11-16,Winter,1,11,0,5,1,Clear,0.345,17.3602,0.524583,0.171025,484,5214,5698,10-20
687,2012-11-17,Winter,1,11,0,6,0,Clear,0.325,16.31915,0.545417,0.179729,1313,4316,5629,10-20
688,2012-11-18,Winter,1,11,0,0,0,Clear,0.3425,16.8873,0.692917,0.227612,922,3747,4669,10-20
689,2012-11-19,Winter,1,11,0,1,1,Mist,0.380833,18.78105,0.623333,0.235067,449,5050,5499,10-20
690,2012-11-20,Winter,1,11,0,2,1,Mist,0.374167,19.03335,0.685,0.082725,534,5100,5634,10-20
691,2012-11-21,Winter,1,11,0,3,1,Clear,0.353333,18.2446,0.61375,0.103246,615,4531,5146,10-20
692,2012-11-22,Winter,1,11,1,4,0,Clear,0.34,17.518549999999998,0.580417,0.0528708,955,1470,2425,10-20
693,2012-11-23,Winter,1,11,0,5,1,Clear,0.368333,18.93895,0.56875,0.148021,1603,2307,3910,10-20
694,2012-11-24,Winter,1,11,0,6,0,Clear,0.278333,12.437099999999997,0.404583,0.376871,532,1745,2277,10-20
695,2012-11-25,Winter,1,11,0,0,0,Clear,0.245833,12.879150000000003,0.468333,0.1505,309,2115,2424,10-20
696,2012-11-26,Winter,1,11,0,1,1,Clear,0.313333,16.950200000000002,0.535417,0.04665,337,4750,5087,10-20
697,2012-11-27,Winter,1,11,0,2,1,Mist,0.291667,14.0779,0.786667,0.237562,123,3836,3959,10-20
698,2012-11-28,Winter,1,11,0,3,1,Clear,0.296667,14.488100000000003,0.50625,0.210821,198,5062,5260,10-20
699,2012-11-29,Winter,1,11,0,4,1,Clear,0.28087,14.9211,0.555652,0.115522,243,5080,5323,10-20
700,2012-11-30,Winter,1,11,0,5,1,Clear,0.298333,16.193350000000002,0.649583,0.0584708,362,5306,5668,10-20
701,2012-12-01,Winter,1,12,0,6,0,Mist,0.298333,15.8452,0.806667,0.0597042,951,4240,5191,10-20
702,2012-12-02,Winter,1,12,0,0,0,Mist,0.3475,17.9604,0.823333,0.124379,892,3757,4649,10-20
703,2012-12-03,Winter,1,12,0,1,1,Clear,0.4525,22.7898,0.7675,0.0827208,555,5679,6234,20-30
704,2012-12-04,Winter,1,12,0,2,1,Clear,0.475833,23.4527,0.73375,0.174129,551,6055,6606,20-30
705,2012-12-05,Winter,1,12,0,3,1,Clear,0.438333,21.4006,0.485,0.324021,331,5398,5729,20-30
706,2012-12-06,Winter,1,12,0,4,1,Clear,0.255833,12.9102,0.50875,0.174754,340,5035,5375,10-20
707,2012-12-07,Winter,1,12,0,5,1,Mist,0.320833,16.097900000000003,0.764167,0.1306,349,4659,5008,10-20
708,2012-12-08,Winter,1,12,0,6,0,Mist,0.381667,19.4754,0.91125,0.101379,1153,4429,5582,10-20
709,2012-12-09,Winter,1,12,0,0,0,Mist,0.384167,19.5073,0.905417,0.157975,441,2787,3228,10-20
710,2012-12-10,Winter,1,12,0,1,1,Mist,0.435833,21.77875,0.925,0.190308,329,4841,5170,20-30
711,2012-12-11,Winter,1,12,0,2,1,Mist,0.353333,16.91815,0.596667,0.296037,282,5219,5501,10-20
712,2012-12-12,Winter,1,12,0,3,1,Mist,0.2975,14.866899999999998,0.538333,0.162937,310,5009,5319,10-20
713,2012-12-13,Winter,1,12,0,4,1,Clear,0.295833,14.7094,0.485833,0.174129,425,5107,5532,10-20
714,2012-12-14,Winter,1,12,0,5,1,Clear,0.281667,14.7096,0.642917,0.131229,429,5182,5611,10-20
715,2012-12-15,Winter,1,12,0,6,0,Clear,0.324167,16.91915,0.650417,0.10635,767,4280,5047,10-20
716,2012-12-16,Winter,1,12,0,0,0,Mist,0.3625,18.4969,0.83875,0.100742,538,3248,3786,10-20
717,2012-12-17,Winter,1,12,0,1,1,Mist,0.393333,20.075000000000003,0.907083,0.0982583,212,4373,4585,20-30
718,2012-12-18,Winter,1,12,0,2,1,Clear,0.410833,20.485400000000006,0.66625,0.221404,433,5124,5557,20-30
719,2012-12-19,Winter,1,12,0,3,1,Clear,0.3325,17.1081,0.625417,0.184092,333,4934,5267,10-20
720,2012-12-20,Winter,1,12,0,4,1,Mist,0.33,16.760849999999998,0.667917,0.132463,314,3814,4128,10-20
721,2012-12-21,Spring,1,12,0,5,1,Mist,0.326667,15.08835,0.556667,0.374383,221,3402,3623,10-20
722,2012-12-22,Spring,1,12,0,6,0,Clear,0.265833,11.80565,0.44125,0.407346,205,1544,1749,10-20
723,2012-12-23,Spring,1,12,0,0,0,Clear,0.245833,12.97355,0.515417,0.133083,408,1379,1787,10-20
724,2012-12-24,Spring,1,12,0,1,1,Mist,0.231304,12.945,0.791304,0.0772304,174,746,920,10-20
725,2012-12-25,Spring,1,12,1,2,0,Mist,0.291304,14.723249999999998,0.734783,0.168726,440,573,1013,10-20
726,2012-12-26,Spring,1,12,0,3,1,Light Snow,0.243333,11.01665,0.823333,0.316546,9,432,441,10-20
727,2012-12-27,Spring,1,12,0,4,1,Mist,0.254167,11.3321,0.652917,0.350133,247,1867,2114,10-20
728,2012-12-28,Spring,1,12,0,5,1,Mist,0.253333,12.7523,0.59,0.155471,644,2451,3095,10-20
729,2012-12-29,Spring,1,12,0,6,0,Mist,0.253333,12.12,0.752917,0.124383,159,1182,1341,10-20
730,2012-12-30,Spring,1,12,0,0,0,Clear,0.255833,11.585,0.483333,0.350754,364,1432,1796,10-20
731,2012-12-31,Spring,1,12,0,1,1,Mist,0.215833,11.174349999999999,0.5775,0.154846,439,2290,2729,10-20
